:020000040800F2
:10000000E8490020B5020008914400085D3A000864
:100010008D440008790E0008B54C0008000000006F
:10002000000000000000000000000000A9490008D6
:100030006113000800000000A5490008AD49000850
:10004000CF020008CF020008CF020008CF0200084C
:10005000CF020008CF020008CF020008CF0200083C
:10006000CF020008CF020008CF020008CF0200082C
:10007000CF020008CF020008CF020008CF0200081C
:10008000CF020008CF020008CF020008CF0200080C
:10009000CF020008CF020008CF020008CF020008FC
:1000A000CF020008CF020008CF020008CF020008EC
:1000B0006D4A0008CF020008CF020008CF020008F6
:1000C000CF020008CF020008CF020008CF020008CC
:1000D000CF020008CF020008CF020008CF020008BC
:1000E000CF020008CF020008CF020008CF020008AC
:1000F000854A0008CF020008CF020008CF0200089E
:10010000CF020008CF020008794A0008CF02000899
:10011000CF020008CF020008CF020008CF0200087B
:10012000250F0008CF020008CF020008CF02000808
:10013000CF020008CF020008CF020008CF0200085B
:10014000CF020008CF020008CF020008CF0200084B
:10015000CF020008CF020008CF020008CF0200083B
:10016000CF020008CF020008CF020008CF0200082B
:10017000CF020008CF020008CF02000800000000F4
:10018000CF020008CF02000800F002F800F083F868
:1001900014A696E8000CB244B344DA4501D100F04D
:1001A0007AF8BAE80F000FA696E83000A5EB040530
:1001B00004EB0607AAEB0704A7F101074FEA1515A0
:1001C0004FEA3414A4F10104AC4201D300F063F807
:1001D00013F0010F18BFFB1A43F0010300F001F800
:1001E000DBE71847607F0000807F00000A4410F8BA
:1001F000013B13F0030408BF10F8014B1D1108BFA9
:1002000010F8015B641E05D010F8016B641E01F844
:10021000016BF9D1002D15D010F8014B03F00C0340
:100220000C2BA1EB04040ABF10F8013BA4EB8314D0
:10023000A4EB032405F1010314F8016B5B1E01F824
:10024000016BF9D5914238BF10F8013BD1D370470B
:10025000704700000023002400250026103A28BF24
:1002600078C1FBD8520728BF30C148BF0B60704728
:10027000662907F0C382002070471FB507F07BFA9C
:1002800000F040FC04000020002106F0F7FEE060D2
:100290001FBD10B510BD00F035FD1146FFF7EDFF95
:1002A00005F06EFC00F053FD03B4FFF7F2FF03BC52
:1002B00000F094FD0948804709480047FEE7FEE743
:1002C000FEE7FEE7FEE7FEE7FEE7FEE7FEE7FEE706
:1002D00004480549054A064B70470000594A000882
:1002E00089010008E8430020E8490020E845002093
:1002F000E845002053EA020C00F069802DE9F04B3C
:100300004FF00006002B1FBFB3FA83F503FA05F484
:1003100024FA05F65E4012BF1643B2FA82F502FADD
:1003200005F4C5F120051EBF22FA05FC44EA0C04C1
:10033000203556EA044C4FEA144418BF641C4FF0B1
:1003400000084FF00009904271EB030C39D30029EB
:1003500019BFB1FA81F701FA07F6B0FA80F700FA8F
:1003600007F6C7F120071EBF20FA07FC46EA0C0675
:100370002037B6FBF4FCA7EB0507103F07F01F0B77
:10038000CBF120062CFA06F60CFA0BFB44BFB34661
:100390000026202FA4BF5E464FF0000B5BEA060C40
:1003A00008BF4FF0010B19EB0B0948EB0608ABFB3C
:1003B000027C06FB02CC0BFB03CCC01B71EB0C01D7
:1003C000C1E70B46024641464846BDE8F08B13B5EF
:1003D000084318BF4FF0FF300146AFF30080BDE87F
:1003E0001C4070470FB41CB5074B06AA7B446946F6
:1003F0000090059800F06DFB0020694600F07CFB42
:100400001CBC5DF814FB00000907000070B5044631
:1004100085690068C10601D5302600E02026C007A6
:1004200007D070BDD4E9012130469047206A401CB6
:1004300020626D1EF6D570BD70B5044685690078E2
:10044000C00707D170BDD4E9012120209047206A60
:10045000401C20626D1EF6D570BD2DE9F0474FF0AF
:10046000000A89460446C0F820A02046E168884773
:10047000002876D0252806D0D4E901219047206AAB
:10048000401C2062F1E7E168204600258847C4F857
:100490001CA006460027C4F818A02A2E09D0304612
:1004A00006F0E5FD38B304EB8708303EC8F8186065
:1004B00019E059F8041B204604EB87029161E168BA
:1004C0008847012F064618D1E069002820DA25F078
:1004D00020051DE0D8F8180000EB800006EB400076
:1004E0003038C8F818002046E1688847064606F00C
:1004F000BEFD0028EED1012F0AD02E2E08D12046B5
:10050000E16888477F1C0646022F45F02005C4DBC2
:10051000A069002803DA404245F00105A061E80720
:1005200001D025F01005B6B1A6F14100192802D876
:10053000203645F400654A463146204625604D4642
:10054000FFF796FE58B1012806D0ED1D25F00700F3
:1005500000F1080989E704E005F1040985E7304660
:100560008AE7206ABDE8F087032A40F2308010F065
:10057000030C00F0158011F8013BBCF1020F62443E
:1005800098BF11F801CB00F8013B38BF11F8013BCF
:10059000A2F1040298BF00F801CB38BF00F8013B7C
:1005A00011F0030300F02580083AC0F0088051F8EC
:1005B000043B083A51F804CBA0E80810F5E7121DF7
:1005C0005CBF51F8043B40F8043BAFF30080D20716
:1005D00024BF11F8013B11F801CB48BF11F8012BE2
:1005E00024BF00F8013B00F801CB48BF00F8012B05
:1005F000704710B5203AC0F00B80B1E81850A0E861
:100600001850B1E81850A0E81850203ABFF4F5AFE0
:100610005FEA027C24BFB1E81850A0E8185044BF3C
:1006200018C918C0BDE810405FEA827C24BF51F8A9
:10063000043B40F8043B08BF7047D20728BF31F89D
:10064000023B48BF11F8012B28BF20F8023B48BFEE
:1006500000F8012B70474FF0000200B51346944696
:100660009646203922BFA0E80C50A0E80C50B1F10A
:100670002001BFF4F7AF090728BFA0E80C5048BF1E
:100680000CC05DF804EB890028BF40F8042B08BFBC
:10069000704748BF20F8022B11F0804F18BF00F8B8
:1006A000012B70477047704770472DE9FF4F0C468C
:1006B0001E464FF0FF378BB0D2E90001DDF86080B5
:1006C0000A908A46C1F30A5505B93D4600210846FD
:1006D0004FF00000BAF1000F00F4400005DA00EB23
:1006E00080004FF4400101EA50004FEA9059B9F1FF
:1006F000010F00DDB9460A9850EA4A000ED044F6D0
:100700001050A5F2FF3545432F14B8F1000F1ED04D
:100710007542291E1EDDC9F100021CE0B8F1010F6F
:100720004FF0000001D0302103E0F24305E02154F6
:10073000401CB042FBDB30460022002121540B99C3
:10074000C1F80880C1E900200FB0BDE8F08FBD1BE3
:100750006D1CDEE74A4600DA694206A800F05CFA42
:1007600006AB93E8070003AB83E8070050460A99FD
:1007700006F04FF88DE80700A0F500501F380090F4
:100780000398002D0ADD42F21F014A460844002367
:1007900003A90390684606F0B9FA09E0A0F50050F5
:1007A0004A461F38002303A90390684606F0C3FA9F
:1007B0008DE807000004000C03D04FF0FF30410823
:1007C00000E01046B8F1000F03D000220092154659
:1007D0001EE0751E05D400F099F9303262556D1E89
:1007E000F9D5B3460122084302D000227F1C04E061
:1007F0002078302801D100227F1E002A099784D05A
:100800001DE0112D07DA00F081F9303262556D1CC0
:1008100050EA0102F5D1084302D00098C8B10EE0B9
:100820000021681E05E0235C625C63542254401E74
:10083000491C8142F7DBAB46A81B401E09900020F3
:1008400004F80B000B98099AC0F80880C0E9002B47
:100850007AE711264FF0000857E72DE9F04F884658
:100860000446D21D22F0070191B0D1E90001CDE983
:100870000A0106F097FB02460B98C00F01D02D200D
:1008800007E02068810701D52B2002E0202101EA42
:10089000C000032A099001D0072A05DB0346414620
:1008A000204600F079F90BE12078800601D5E06957
:1008B00000E00620B8F1650F814606D0B8F1660F5A
:1008C00018D0B8F1670F70D131E00020B9F1110FE5
:1008D000009001DB112301E009F101030AAA01A93B
:1008E0000CA8FFF7E2FEDDE90C70002609F1010516
:1008F000834647E001204B4600904FF000470AAA8C
:1009000001A90CA8FFF7D1FEDDE90DB00C995D46F9
:10091000002610B909F101000D18B9EB050003D448
:10092000C0F1FF3609F10105A5EB09002BE0B9F193
:10093000010F01DA4FF001090020B9F1110F009009
:10094000484601DD112300E003460AAA01A90CA8CC
:10095000FFF7ABFEDDE90C704D460026834620789C
:1009600000070AD4AB4500DA5D4601A8012D04DD7D
:10097000411911F8011C302907D04F4502DA17F14F
:10098000040F04DA012082460FE06D1EEEE7002F0F
:1009900002DCED1B3E4403E0781CA84200DD7D1C18
:1009A000B81B00F1010A4FF000472078000703D47C
:1009B000AA4501DB4FF0FF3A0021B7F1004F0DF1DE
:1009C00043088DF8431024D002202B23002F01DA96
:1009D0007F422D230A21021EA0F1010000DC5FB13D
:1009E00097FBF1FC97FBF1F201FB1C7C17460CF125
:1009F000300C08F801CDEEE7A8F101000370218862
:100A0000090501D5452100E06521A0F1010800F8A4
:100A1000011C09980FA9A1EB0807FF1D00B10120D7
:100A2000411901EBEA70A1693844081A401EA0611F
:100A30002078C00602D42046FFF7E8FC099828B1C8
:100A4000D4E901219047206A401C20622078C0062A
:100A500022D52046FFF7DAFC1EE0002E04DBB3456A
:100A600002DD01A8805D00E03020D4E9012190473B
:100A7000206A401C2062761CAAF101005FEA000A8D
:100A80000AD100F03FF8C0680168405CD4E9012158
:100A90009047206A401C2062281EA5F10105DCDC7D
:100AA00007E0D4E9012118F8010B9047206A401CA7
:100AB0002062381EA7F10107F3DC2046FFF7BCFCDB
:100AC000032011B041E6000001694A1C0261087868
:100AD000704700B58FB0CDE901310021059105497E
:100AE0007944CDE9031011466846FFF7B6FC0FB014
:100AF00000BD0000E5FFFFFF0A6802F8010B0A6075
:100B00007047000000487047D025002030B5B0F194
:100B10000A0271F100034FEA900E4EEA817EB0EBBB
:100B20000E0061EB91014FEA101E4EEA017E10EBC0
:100B30000E0041EB11114FEA102E4EEA016E10EB40
:100B40000E0041EB11214FEA104E4EEA014E10EB20
:100B50000E0041EB1141401841F100014FEAD00075
:100B600040EA41704FEAD1014FEA810444EA9074AF
:100B700010EB800544EB01046D1944EB0404521B97
:100B8000A3414FF0000348BF0A3200D530BD401CDE
:100B900041F1000130BD00002DE9F0411F4604463F
:100BA00003260168072A01F4006004DB08B116A5DA
:100BB00005E016A503E008B115A500E015A521F094
:100BC00010002060A069C01EA0610FB1401EA0618E
:100BD0002046FFF71BFC4FB1D4E90121384690476E
:100BE000206A401C2062C01C206206E0206AFAE7EE
:100BF000D4E9012115F8010B9047761EF8D2204662
:100C0000FFF71AFCBDE8F0814E414E006E616E00A8
:100C1000494E4600696E66002DE9F047814616464A
:100C20008AB0354878440DC88DE80D0032487844C4
:100C3000801C03AC0DC884E80D0041F69B300844CD
:100C4000372190FBF1F290FBF1F5A5F1800501FB56
:100C500012041B3C02D56442012000E00020DFF8B2
:100C600098A080460027FA44AAF1BE0A0EE0E007E9
:100C70000AD03246684607EB470101230AEB81019F
:100C800006F059F88DE8070064107F1C002CEED1A7
:100C9000194F7F44AE3F19E0E80715D007EB041069
:100CA0000DF1180A90E80E008AE80E00C068F042C4
:100CB00001D1981908903246012306A903A806F02D
:100CC0003AF803AB83E807006D10641C002DE3D1F4
:100CD0004FF0010332466946B8F1000F03A802D075
:100CE00006F014F801E006F026F8C9E90001C9F899
:100CF00008200AB0BDE8F087546C00000048704737
:100D0000B02500207546FFF7F9FFAE46050069469D
:100D1000534620F00700854618B020B5FFF7D8FAF3
:100D2000BDE820404FF000064FF000074FF00008EC
:100D30004FF0000BAC46ACE8C009ACE8C009ACE829
:100D4000C009ACE8C00921F007018D46704710B515
:100D50000446AFF300802046BDE81040FFF7A4BA78
:100D600030B44FF0013C50F8042B51F8043BCCFA5E
:100D700052F4D51A20D1FCB950F8042B51F8043B99
:100D8000CCFA52F4D51A17D1B4B950F8042B51F853
:100D9000043BCCFA52F4D51A0ED16CB950F8042B9E
:100DA00051F8043BCCFA52F4D51A05D1002CDAD014
:100DB00030BC4FF00000704729BAB1FA81F111F050
:100DC0001801D1F120008440F2D1CA40CB4012F08A
:100DD000FF0213F0FF0330BCD01A704701491820FE
:100DE000ABBEFEE726000200704700000146806BA4
:100DF000036C026C13F0500F08D0D20648BF00F00D
:100E0000E7BB806BC26C0846104700BF42F400711C
:100E1000016401688A6812F0405F01D000F0C6BB2F
:100E2000027E002AFAD1CA6A12F4700F02D08A68D0
:100E30005205F3D44A6822F020024A60016C21F482
:100E400080710164016CC90448BF00F0AFBB016C44
:100E500041F00101016400F0A9BB0000806B40215A
:100E60000164416C41F00401416400F0B1BB000039
:100E7000806B00F0ABBB0000FEE700000146407C49
:100E800000224A747047000010B504460160828059
:100E900083711420A0744FF47A70A08201F09EF93F
:100EA000A0600020208210BDB0B5044601F096F984
:100EB0000546A068A17C281A884232D32068A18800
:100EC000A56001F07FF9227C032A2AD8A179DFE806
:100ED00002F00317071300BF884222D101201FE050
:100EE000884213D1E068A18A281A884238BFB0BD71
:100EF00040F203202082B0BD884209D102200FE0D9
:100F000088420CD102202074E560B0BD032007E0C8
:100F1000E068A18A281A88423CBF01206074002042
:100F20002074B0BD43F2B030C2F2000000F02ABD20
:100F300051B32DE9F04385B080466F4691460E4689
:100F40004A0038464146FFF70FFBBDF80200BDF8E6
:100F50000010814286BFADF802100021012147EA4E
:100F600041010880BDF80400BDF8021081420FD98C
:100F7000BDF80020ADF80410824286BFADF8022013
:100F80000021012105E000BF9FEDB90A704700BFB5
:100F9000022127F81100BDF80600BDF804208242A6
:100FA00010D9BDF80210ADF8062081420CD9BDF869
:100FB0000020ADF80410824286BFADF80220002167
:100FC000012102E0032100E0022127F81100BDF811
:100FD0000800BDF80620824216D9BDF80410ADF80D
:100FE0000820814212D9BDF80220ADF806108242D5
:100FF0000ED9BDF80010ADF80420814286BFADF8CF
:1010000002100021012104E0042102E0032100E09C
:10101000022127F81100BDF80A00BDF8082082421D
:101020001CD9BDF80610ADF80A20814218D9BDF8C8
:101030000420ADF80810824214D9BDF80210ADF8B2
:101040000620814210D9BDF80020ADF8041082427C
:1010500086BFADF802200021012106E0052104E051
:10106000042102E0032100E0022127F81100BDF86D
:101070000C00BDF80A20824222D9BDF80810ADF854
:101080000C2081421ED9BDF80620ADF80A1082421C
:101090001AD9BDF80410ADF80820814216D9BDF860
:1010A0000220ADF80610824212D9BDF80010ADF84A
:1010B0000420814286BFADF802100021012108E022
:1010C000062106E0052104E0042102E0032100E0FE
:1010D000022127F81100BDF80E00BDF80C20824255
:1010E00028D9BDF80A10ADF80E20814224D9BDF8E8
:1010F0000820ADF80C10824220D9BDF80610ADF8DA
:101100000A2081421CD9BDF80420ADF808108242A3
:1011100018D9BDF80210ADF80620814214D9BDF8E7
:101120000020ADF80410824286BFADF802200021F5
:1011300001210AE0072108E0062106E0052104E07C
:10114000042102E0032100E0022127F81100BDF88C
:101150001000BDF80E2082422ED9BDF80C10ADF85B
:10116000102081422AD9BDF80A20ADF80E10824223
:1011700026D9BDF80810ADF80C20814222D9BDF85F
:101180000620ADF80A1082421ED9BDF80410ADF851
:10119000082081421AD9BDF80220ADF8061082421B
:1011A00016D9BDF80010ADF80420814286BFADF815
:1011B0000210002101210CE008210AE0072108E0CB
:1011C000062106E0052104E0042102E0032100E0FD
:1011D000022127F81100BDF81200BDF8101081425D
:1011E00026D9BDF80E10814224D9BDF80C108142D9
:1011F00022D9BDF80A10814220D9BDF808208242C8
:101200001ED9BDF80610ADF80A2081421AD9BDF8E2
:101210000420ADF80810824216D9BDF802108142B0
:1012200014D9BDF800200021824298BF01210EE0B0
:1012300009210CE008210AE0072108E0062106E068
:10124000052104E0042102E0032100E0022127F847
:101250001100BDF80800BDF80A10042E08444FEA3A
:10126000500006F0030C05D200270022002130E0D8
:101270000000000026F00306A8F108050027002260
:10128000002100BF35F8083F04371C1A48BF6442EC
:101290004C4598BF19446B8898BF01321C1A48BF4F
:1012A00064424C4598BF1944AB8898BF01321C1A60
:1012B00048BF64424C4598BF1944EB8898BF01323F
:1012C0001C1A48BF64424C459CBF19440132BE42BF
:1012D000D8D1BCF1000F20D038F817301E1A48BF03
:1012E00076424E459CBF19440132BCF1010F14D027
:1012F00008EB47077B881E1A48BF76424E459CBFC5
:1013000019440132BCF1020F07D0BB881F1A48BF35
:101310007F424F459CBF1944013292B200EE101A31
:1013200001EE102AB8EE400AB8EE411A80EE010A2A
:1013300001EE100AB8EE411A002A08BFB0EE410AC9
:101340009FED051A9FED052A20EE010A20EE020A04
:1013500005B0BDE8F08300BF33335340000080394F
:101360007047000072B600BFFEE70000F0B581B024
:1013700043F2CC57044643F60C46C2F20007002065
:10138000C4F20206F86100F029FF3168C9031BD4DA
:101390003068C0071CBF01203060306810F0F20FC9
:1013A00030D03068C00631D43068800637D4306819
:1013B00040063DD43068000643D43068800749D4E5
:1013C000012001B0F0BD00BFC4B10546601C10D1C2
:1013D0003068C003DCD53068C00344BF30685FEAC2
:1013E000C030D5D53068C003F2D4D1E73068C0032F
:1013F000CED500F0F3FE401BA042F7D9032001B088
:10140000F0BD00BF002001B0F0BD00BFF86940F0A2
:101410001000F8611020306030688006C7D5F86988
:1014200040F00800F8612020306030684006C1D5E7
:10143000F86940F00400F861402030603068000630
:10144000BBD5F86940F00200F86180203060306858
:101450008007B5D5F86940F02000F86102203060BF
:10146000012001B0F0BD000070B581B000220092F3
:1014700090F83C20012A03D1022001B070BD00BFCA
:10148000D1F800E00122BEF10A0F1FFA8EFC80F8AD
:101490003C2009D34FEA4C02036812FA8EF2A2F103
:1014A0001E0403F10C0204E003680EEB4E0403F18A
:1014B000100207251668A54026EA050515608D6807
:1014C000166805FA04F4344314604968062907D8FD
:1014D00001EB81014A1F194651F8345F0FE000BF4C
:1014E0000C2901EB810105D8A1F12302194651F81D
:1014F000305F04E0A1F14102194651F82C5F1F242E
:10150000944025EA04040C600CFA02F20C6842F2E2
:10151000043CC4F2010C2243ACF54174A3420A60BE
:101520003ED1BEF1120F07D1DCF8001041F480016A
:10153000CCF8001034E000BF2EF0010110292FD1AB
:10154000DCF80010BEF1100F41F40001CCF80010DF
:1015500026D140F22401C2F2000109684DF68362EF
:10156000C4F21B32A1FB0212910C01EB8101490074
:1015700000910099A1B1009901390091009979B1C8
:10158000009901390091009951B1009901390091F8
:10159000009929B100990139009100990029EAD1F7
:1015A000002180F83C10002001B070BD006842F2BC
:1015B0000001C4F20101884218BF704742F2106076
:1015C000C2F2000001210170704700007047000066
:1015D00070470000002804BF0120704710B5016C5F
:1015E00000293DD0016CC90645D4016C41F20212BC
:1015F0009143023142F204320164C4F201021168E3
:1016000021F440311160136890E812102343D0F8A0
:1016100010E013604A68012422F480724A604A682C
:10162000C0F6007442EA0E224A604A6822F0407214
:101630004A604A6842EA0C024A608A6822F4006200
:101640008A60C2688B681A438A60826A8B68A24289
:1016500023F070638B608B6810D123F0405216E04A
:10166000044600F065F820460021616484F83C10CF
:10167000016CC906B9D5012153E000BF1A438A6045
:101680008A6822F040528A60C26A8B681A438A6074
:101690008A6822F002028A608A68037E90F82040FD
:1016A00042EA43028A604A6884B142F400624A60B6
:1016B0004A684EF2000322F460424A60426ACFF662
:1016C000FF734C6803EB4232224301E022F40062D4
:1016D0004A60CA6A40F2000C22F47002CA62C3690E
:1016E0004269CFF6F07CCC6A0CEB03532343CB6208
:1016F0008B6823F400738B6090F830308C6844EA78
:1017000043238B608B6823F480638B608B6843EA90
:1017100082228A6000214164026C012363F301028A
:101720000264002280F83C20BDE810400846704763
:1017300070B586B0044642F200002168C4F2010090
:10174000002681420596CDE903660296019601D0F6
:1017500006B070BD43F630010096C4F202014A693A
:1017600000F5604042F480724A614A6902F4807276
:101770000092009A00960A6842F001020A60096825
:1017800001F00101009100990321CDE9011101A9A6
:10179000039600F047FC43F2B03546F21040C2F227
:1017A0000005C4F202004FF48061C5E9000605F1AE
:1017B00010004FF400624FF400534EC04FF400305D
:1017C000C5E908062846C5E9026600F0BDF900280B
:1017D00018BFFFF7C7FDA563AC6306B070BD00007E
:1017E000B0B582B00023019390F83C30012B03D1B7
:1017F000022002B0B0BD00BF8E460123016880F810
:101800003C308B689446DB0729D18B684DF68364A6
:1018100043F001038B6040F22403C2F200031B6813
:10182000C4F21B34A3FB0434A30C03EB4303019366
:10183000019BA3B1019B013B0193019B7BB1019BE8
:10184000013B0193019B53B1019B013B0193019B20
:101850002BB1019B013B0193019B002BEAD18B68CB
:10186000DB0503D58B6823F480738B608C68036C75
:10187000E4070BD143F01001016400F144010020A2
:1018800001220B681A430A6002B0B0BD40F2017435
:10189000A34303F5807303644B685B0504D5036CB5
:1018A000012464F30D330364046C0023E4044FF05B
:1018B000000444BF446C24F00604446480F83C30C7
:1018C000836B40F6ED5440F67162C0F60004C0F63A
:1018D0000002C3E90F4240F65D62C0F60002DA641E
:1018E0006FF022020A604A6842F2043442F08062D9
:1018F0004A608A68054642F480728A604C31184614
:1019000072466346C4F2010400F0D0F922682968E7
:10191000D20605D0A4F54172914225D002B0B0BDE7
:1019200042F20002C4F20102914215D042F20022BA
:10193000C4F2010291420CD042F20012C4F2010240
:101940009142EBD12268D20606D0A4F58272914270
:10195000E4D12268D206E1D451F8082F12F0405F9A
:10196000DCD14FF080428CE74FF60451CFF6FF7187
:10197000615811F0405FD1D1A4F53F714FF0804222
:101980007FE70000F0B581B00021009140F2240112
:10199000C2F200010B68D0E9166148F2B51537684C
:1019A0000822C1F64E358A403A42A3FB05350CD0D9
:1019B00003681C68640708D51C6824F004041C60D4
:1019C000B260426D42F00102426501228A403A4211
:1019D00008D003685B691B0604D5B260426D42F013
:1019E0000202426504228A403A4208D003681B681A
:1019F0009B0704D5B260426D42F00402426510229A
:101A00008A403A4219D001680B681B0715D5B260AD
:101A10000B680A685B0309D4D20509D40A6822F06E
:101A200008020A60016C29B907E000BF110341D424
:101A3000016C11B1044688472046C26D202101FA8D
:101A400002F33B4243D001680F68FF063FD5B36005
:101A500090F835700B68052F1CD123F016030B602E
:101A60004B6923F080034B61036C0BB9836C1BB192
:101A70000B6823F008030B603F219140B160012106
:101A800080F83510016D0022002980F8342054D1EF
:101A900058E000BF0A685B0310D4D20512D40A686C
:101AA00022F010020A60012180F83510002180F830
:101AB000341007E0816C0029BCD1BEE7110301D4CA
:101AC000416C00E0C16B11B1044688472046416D6E
:101AD000C1B3416DC9072ED0052180F835100168CA
:101AE000AA0A0B6823F001030B60009B01339342A9
:101AF00000931AD80B68DB0717D0009B0133934281
:101B0000009312D80B68DB070FD0009B0133934280
:101B100000930AD80B68DB0707D0009B0133934280
:101B2000009302D80B68DB07DFD1012180F8351064
:101B3000002180F83410C16C21B101B0BDE8F04043
:101B4000084700BF01B0F0BD2DE9F041044600F0A8
:101B500045FBECB10546022084F8350000202168E1
:101B600084F83400086820F00100086021680868E3
:101B7000C00711D000F032FB401B0528F6D9032521
:101B800020230320636584F83550BDE8F08100BF51
:101B90000120BDE8F08100BF086848F23F02CFF2A3
:101BA0001002D4E9013500EA020C04F10C0898E8AF
:101BB000C10143EA0C032B431843D4E9072E3043F9
:101BC00038431043626A40EA0E00042A40EA0803E0
:101BD0001CD1206BD4E90A2E40EA0E00184308609D
:101BE0004869BEF1000F20F0030040EA020040F017
:101BF000040C11D0B8F5005F36D0B8F1000F45D114
:101C0000022A46D0012A3BD032B942E00B60486933
:101C100020F0070040EA020C01F0F8004AF6AB227F
:101C20001038CAF6AA22A0FB02231A0948F2C403FC
:101C3000C1F814C0C0F600039A5C40F2FF335F287D
:101C40004FF03F0021EA030100FA02F088BF04319F
:101C5000C4E916128860002301250020636584F81A
:101C60003550BDE8F08100BF032AD5D801254023B7
:101C70000120DFE802F0030E030500BF82E700BF8A
:101C8000AEF1C070B0FA80F0400904E0032A04D33A
:101C9000C2D1CEF300600028BED001254023012030
:101CA000636584F83550BDE8F081000090F834C0D9
:101CB000BCF1010F04BF0220704770B54FF0010C5A
:101CC00080F834C0D0F858E090F835C0BCF1010F6E
:101CD00038D14FF0020C80F835C04FF0000CC0F83E
:101CE00054C0D0F800C08468056CC06DDCF800609A
:101CF000402C26F48026CCF80060CCF804300B464B
:101D000004BF13460A463F2101FA00F0CCF8083020
:101D1000CCF80C20CEF80800DCF8000040F01600EB
:101D2000CCF800002DB1DCF8000040F00800CCF841
:101D30000000DCF8000040F00100CCF800000020BA
:101D400070BD00BF002180F83410022070BD00007B
:101D5000B0B5044600F042FA054640F20000C2F277
:101D600000000078611C18BF044400BF00F036FA80
:101D7000401BA042FAD3B0BD2DE9F04381B043F23D
:101D8000CC58C2F2000898F81820012A04D1022089
:101D900001B0BDE8F08300BF0546012088F81800B7
:101DA0004CF250308946FFF7E1FA28B1002188F85B
:101DB000181001B0BDE8F0834FF0FF30C9F8000003
:101DC000286843F610470128C4F202071CD128698D
:101DD0003968000221F440713960396880B241F0FD
:101DE000040139603968084340F4803038604CF2AF
:101DF0005030FFF7BBFA396821F00401396057F819
:101E0000101C89053BD452E0D5E90260304486427B
:101E100030D2F000841C00BF28694FF44072C1B278
:101E2000032939684FEA002021F44071396039688C
:101E300038BF82B241EA02003860386820F078008A
:101E40003860386820433860386840F48030386043
:101E50004CF25030FFF78AFA3968002821F07A01F5
:101E6000396047D1D5E9020101360844864204F1C0
:101E70000804D1D3002057F8101C890517D557F84E
:101E8000101C21F4007147F8101C57F8101C41F485
:101E9000006147F8101C57F8101C21F4006147F846
:101EA000101C57F8101C41F4007147F8101C57F82B
:101EB000101C49057FF57AAF57F8101C21F480619A
:101EC00047F8101C57F8101C41F4805147F8101CBB
:101ED00057F8101C21F4805147F8101C57F8101CBB
:101EE00041F4806147F8101C002188F8181001B0F7
:101EF000BDE8F083C9F8006057F8101C8905BED40E
:101F0000D5E7000043F61041C4F20201086840F032
:101F1000004200200A6070472DE9F04143F2CC54A2
:101F2000C2F20004277E012F04BF0220BDE8F08129
:101F30000546012020764CF2503098460F46164652
:101F4000FFF714FA20B100212176BDE8F08100BF2F
:101F50002A46022D43F61045C4F202051ED0012A7E
:101F6000314638460CD03ABB2A6822F440722A60C7
:101F70002A682A602A6842F001022A6001702CE077
:101F80002A6822F440722A602A6842F480722A6029
:101F90002A6842F001022A6001801EE0286820F4CD
:101FA00040702860286840F400702860286840F07D
:101FB000010028603E6010E02A6822F440722A6026
:101FC0002A6842F440722A602A6842F001022A60BC
:101FD0000160BFF36F8FC0F804804CF25030FFF700
:101FE000C5F9296821F00101296000212176BDE8A9
:101FF000F081000043F60440C4F20200C168B1F170
:10200000FF3FC4BF0020704740F22311C4F2675164
:10201000016048F6AB11CCF6EF510160C068C00F0B
:10202000704700002DE9F04F83B000F1200200F16D
:102030003E4741F60045009207F1FF77C4F20205E2
:1020400008224FEAB726A84208BF072200254FF012
:1020500000084FF00009072E38BF4FEAB72201925F
:102060000AE000BF09F1010908F10208B9F1100FF7
:1020700005F1040500F0A2800F68012202FA09FEB2
:1020800017EA0E0AEED0D1F804C003220CF00307C1
:102090007E1E02FA08F4012E6FEA040B12D884683F
:1020A000CE6804EA0B0406FA08F6344384604468F8
:1020B00024EA0E06CCF3001404FA09F42643466021
:1020C00004E000BF032F01D103271EE0C6688C681F
:1020D00006EA0B0604FA08F42643022FC66014D160
:1020E0006FF00302009E02EA590756F807C005F098
:1020F0001C040F220B69A2402CEA0202A3401A43DF
:10210000F251D1F804C00CF00307026807FA08F393
:1021100002EA0B021A431CF4403F0260A2D00022E4
:1021200043F644030292C4F202031A6843F60044E1
:1021300042F480421A601A68C4F2010402F4804238
:102140000292029A29F003024FF6084C2244CFF67D
:10215000FF7C52F80C3005F00C070F26BE40B3434D
:10216000019E06FA07F73B4342F80C30A2684B6821
:1021700042EA0A0743F60C4CDE0258BF22EA0A077D
:10218000A760C4F2010CDCF800209E0242EA0A07B4
:1021900058BF22EA0A07CCF8007062689E0342EA40
:1021A0000A0758BF22EA0A0767602268DB0342EA8F
:1021B0000A0758BF22EA0A07276053E703B0BDE8C1
:1021C000F08F00000069084018BF01207047000030
:1021D000002A08BF090481617047000043F2EC50F7
:1021E000C2F2000000687047002804BF0120704759
:1021F000F0B581B0044690F83D0028B9002084F87D
:102200003C00204600F050F9242084F83D0020686E
:10221000016821F001010160016841F400410160A1
:10222000016821F40041016000F0E2FA636848F2BD
:10223000A16CC0F2010C40F60011C0F23D016345F3
:102240003CBF48F28041C0F21E01884202D2012008
:1022500001B0F0BD4DF68361C4F21B31A0FB011249
:102260002168970CD1F804E04FF496762EF03F05E4
:1022700045EA92454D60774348F638160D6AC0F23C
:102280004106A7FB067625F03F07634538BF960C4D
:10229000721C3A430A62CA6948F2A0664CF6FF779C
:1022A000C0F20106B34222EA07020BD801385B00F4
:1022B000B0FBF3F001306FF31F30042898BF042007
:1022C0001BE000BFA768013857B119277B43B0FB5B
:1022D000F3F001306FF31F3070B100F5804007E07C
:1022E00003EB4303B0FBF3F001306FF31F3018B181
:1022F00000F5004001E000BF01201043C8610868FC
:10230000D4E9072320F0C000104318430860886810
:1023100048F2FF3204F10C0790438CCF184310436E
:10232000A6698860C86820F0FF0038433043C86061
:10233000086840F00100086000202021206484F833
:102340003D10206384F83E0001B0F0BD2DE9F0435C
:1023500083B0994616460F460446FFF73FFF94F8B0
:102360003D10202924D10546206800BF81698907D6
:102370001AD5FFF733FF411B20681A29F6D381696C
:102380008907F3D500202021206384F83D1084F8CC
:102390003E00216C41F02001216484F83C000220C1
:1023A00003B0BDE8F08300BF94F83C10012903D1CD
:1023B000022003B0BDE8F083012284F83C200368CA
:1023C000DDE90B180A9ADB0703D1036843F0010328
:1023D0000360036823F400630360212084F83D0058
:1023E000402084F83E000020206462626185608D98
:1023F000394620850020CFF6FF70E0622046324645
:102400004B46CDE9008501F02BFB18B1012003B04C
:10241000BDE8F083208D98B9204641462A4601F058
:1024200083FB88B3206C0428F0D12068016841F454
:1024300000710160012003B0BDE8F0830004EBD01F
:10244000204641462A4601F01FFD0028EAD1616A74
:102450002268084610F8013B1361238D6062581E04
:102460002085678D013F678557697F07E6D507049B
:10247000E4D048781061881C6062981E2085618DC8
:1024800001396185DAE700BF2068016841F4007115
:102490000160202084F83D00002084F83E0084F88C
:1024A0003C0003B0BDE8F083B0B586B045F2004112
:1024B0000068C4F20001002488420594CDE9034479
:1024C0000294019402D006B0B0BD00BF43F63005BF
:1024D0000094C4F20205286840F0020028602868D1
:1024E00000F0020000900098C02001901220CDE979
:1024F0000204032004900420059001F5D83001A9BE
:10250000FFF790FD0094286940F4001028612869C5
:1025100000F400100090009806B0B0BD40F200003A
:1025200043F2EC51C2F20000C2F2000100780A68E6
:10253000104408607047000080B543F60040C4F2C4
:102540000200016841F400710160016841F480619A
:102550000160016841F480710160032000F086F899
:102560000F2000F005F800F027F8002080BD0000E3
:1025700070B540F20006C2F2000640F22401327843
:10258000C2F200014FF47A730968B3FBF2F2044619
:10259000B1FBF2F1084600F05FFB0F2C4FF0010594
:1025A00008D838B94FF0FF3021460022002500F04E
:1025B00031F87460284670BD82B0002043F64001B7
:1025C0000190C4F202014A6842F480424A604A68BB
:1025D00002F480420192019A0090086840F0805015
:1025E0000860086800F080500090009802B07047C2
:1025F000002848BF704700F01F01012202FA01F1D4
:102600001C2202EAD0004EF20012CEF200028150EB
:102610007047000010B54EF60C5CCEF2000CDCF8F2
:102620000030C3F3022E8EF00704042C28BF0424CC
:10263000BEF103034FF0FF3E0EFA04F438BF00234F
:10264000A14399400EFA03F39A43114300F00F029D
:1026500000F160430901043A03F564436244002831
:1026600048BF02F10C03197010BD00004EF60C516A
:10267000CEF200010A684FF6FF031A4060F30A2207
:1026800042F0806040F0FD7008607047002804BF91
:10269000012070472DE9F04143F60808C4F2020812
:1026A0000446D8F8F8030D4600F00700884207D228
:1026B00088F8F853D8F8F80300F00700A84277D15B
:1026C0002068810717D5410705D5D8F8001041F4D7
:1026D000E051C8F80010010705D5D8F8001041F402
:1026E0006041C8F80010D8F80010A26821F0F0018D
:1026F0001143C8F80010C00740D1D8F8F80300F023
:102700000700A84207D988F8F853D8F8F80300F072
:102710000700A8424CD12068410707D5D8F800101F
:10272000E26821F4E0511143C8F80010000708D511
:10273000D8F80000216920F4604040EAC100C8F8E0
:10274000000000F07DF8D8F8001047F69402C1F3BD
:102750000311C0F60002515C40F2240220FA01F19C
:1027600040F20400C2F200000068C2F200021160F0
:10277000FFF7FEFE0020BDE8F08100BF6068811E0B
:10278000022907D258F8081C89015CBF0120BDE866
:10279000F08111E0012807D158F8081C89035CBFBB
:1027A0000120BDE8F08107E058F8081C890703D430
:1027B0000120BDE8F08100BFD8F8001021F003012E
:1027C0000843C8F80000FFF709FD064641F28837C4
:1027D000D8F80000616800F00C00B0EB810F8CD0DD
:1027E000FFF7FCFC801BB842F2D90320BDE8F08162
:1027F00040F2240043F60801C2F20000C4F20201D4
:102800000068096847F6A402C1F38221C0F60002FD
:10281000515CC8407047000040F2240043F60801B4
:10282000C2F20000C4F202010068096847F6A4027F
:10283000C1F34231C0F60002515CC840704700004D
:1028400010B543F60404C4F20204606800F00C0101
:1028500042F200400829C0F2F40007D0042918BF52
:1028600010BD41F20020C0F27A0010BD216801F0D5
:102870003F02216823684902C3F3881106D4A1FBF3
:1028800000010023FDF736FD07E000BF41F2002004
:10289000C0F27A004843B0FBF2F021680222C1F393
:1028A000014102EB4101B0FBF1F010BD002804BF73
:1028B000012070472DE9F04182B00446007843F6CC
:1028C0000006C007C4F202060CD0B06800F00C008D
:1028D000042840F081803068800303D560680028B8
:1028E00000F06881207880071BD5B06810F00C0FCD
:1028F00009D0B06800F00C00082840F087807068AC
:10290000400200F183803068800703D5E068012829
:1029100040F050813068216920F0F80040EAC100A1
:1029200030602078000713D4207840072AD4A569A6
:10293000002D00F03A81B06800F00C00082840F04B
:10294000A580012D40F00E81012002B0BDE8F0818C
:102950006069002800F082800020C4F24720012135
:10296000C0F8801EFFF73AFC054600BF706F800775
:10297000DAD4FFF733FC401B0228F7D9032002B05A
:10298000BDE8F081306C5FEAC0080AD400200190F5
:10299000306C40F080503064306C00F0805001901A
:1029A000019847F20007C4F200073868C00547D411
:1029B000386840F480703860FFF710FC054600BFAF
:1029C0003868C0053CD4FFF709FC401B0228F7D942
:1029D000032002B0BDE8F081B06800F00C000828C8
:1029E00003D1706840023FF576AF61683068B1F599
:1029F000803F07D0B1F5A02F40F09A8040F48020AE
:102A00003060306840F4803030609AE0E068002840
:102A100040F20000C4F247205CD001210160FFF7C2
:102A2000DDFB0546306880073FF574AFFFF7D6FB46
:102A3000401B0228F6D9032002B0BDE8F08100BF98
:102A4000A168306F012905D0052955D140F0040057
:102A50003067306F40F00100306756E00020C4F26C
:102A600047200021C0F8801EFFF7B8FB054600BFD5
:102A7000706F80077FF558AFFFF7B0FB401B02284F
:102A8000F6D9032002B0BDE8F08100BF0027C4F2F0
:102A9000472700203866FFF7A1FB022D05460DD120
:102AA0003068800140F18A80FFF798FB401B0228C4
:102AB0004FF00300F4D902B0BDE8F0813068800126
:102AC00073D5FFF78BFB401B02284FF00300F5D9AD
:102AD000F1E700BF00210160FFF780FB054600BF62
:102AE000306880077FF51DAFFFF778FB401B022899
:102AF0004FF00300F4D9DEE720F001003067306FBB
:102B0000002920F0040030677AD0FFF767FB054604
:102B100041F28837306F800700F18480FFF75EFB59
:102B2000401BB842F6D9032002B0BDE8F08100BFD7
:102B300020F4803030603068002920F4802030603C
:102B40007AD0FFF74BFB0546306880033FF5CAAEED
:102B5000FFF744FB401B6428F6D9032002B0BDE810
:102B6000F08100BF7068E16900F480028A4221D1DF
:102B7000216A00F03F028A421CD147F6C071626AA6
:102B80000140B1EB821F15D1A16A4FF6FF73C90353
:102B9000994300F44032A1F580318A420AD1E16ABA
:102BA00000F07060B0EB016F04D1002002B0BDE80E
:102BB000F08100BF012002B0BDE8F08104F11C05E6
:102BC0002FCD084340EA8210D9034FF6FF7291439C
:102BD000A1F5803140EA0560084370600120386645
:102BE000FFF7FCFA044600BF30688001DDD4FFF730
:102BF000F5FA001B02284FF00300F5D95BE700BF90
:102C0000FFF7ECFA054641F2883700BF306F8007C6
:102C100008D5FFF7E3FA401BB8424FF00300F5D99F
:102C200049E700BFB8F1000F3FF581AE306C20F0EE
:102C3000805030647BE600BFFFF7D0FA054600BF46
:102C4000306880037FF54EAEFFF7C8FA401B64285A
:102C50004FF00300F4D92EE7411E0020B0EB116FB6
:102C60001CBF012070474EF21002CEF200025160EC
:102C70004EF62351CEF20001F0230B700721906035
:102C800011607047704700007047000090F83C20CA
:102C9000012A04BF02207047B0B501F108053CCD00
:102CA000D1E900CE23F47C5322F470521A432EF45F
:102CB000F0431A432CF4E0431A4324F4C0431A436C
:102CC0002A43C96922F480420368114359640021F0
:102CD00080F83C100020B0BD90F83C20012A4FF055
:102CE000020254D010B580F83D200268D2F804E00A
:102CF000D2F808C00C682EF07003234341F2FF7431
:102D0000C4F20004A24253600EDC40F2FF73C4F22E
:102D100000039A4216DCB2F1804F2BD040F2004300
:102D2000C4F2000324E000BF40F2FF33C4F2010309
:102D30009A4213DC41F60003C4F200039A4219D010
:102D4000002313E040F60003C4F200039A4211D0BE
:102D500040F60043C4F200030AE000BF44F200035F
:102D6000C4F201039A4205D040F20043C4F20103C9
:102D70009A4204D149682CF08003194391600121E3
:102D8000002280F83D1080F83C20BDE8104010463D
:102D900070470000C1B1042908D0082914BF45229A
:102DA0004422825C012A05D016E000BF4322825CE7
:102DB000012A11D10222082910D0042914BF80F859
:102DC000452080F843200BE090F84220012A03D1EF
:102DD000022280F8422003E00120704780F844205E
:102DE000006801F00F010422036A02FA01F123EAEC
:102DF00001020262026A11430162416C41F2FF72F8
:102E0000C4F2000241F40041904241640EDC40F201
:102E1000FF71C4F20001884216DCB0F1804F2BD064
:102E200040F20041C4F2000124E000BF40F2FF3153
:102E3000C4F20101884213DC41F60001C4F2000132
:102E4000884219D0002113E040F60001C4F20001CD
:102E5000884211D040F60041C4F200010AE000BFF0
:102E600044F20001C4F20101884205D040F2004161
:102E7000C4F20101884206D1816801F007010629E8
:102E800004BF00207047016841F00101016000208B
:102E900070470000002804BF0120704710B50446A9
:102EA00090F83D0028B9002084F83C00204600F04E
:102EB0001FF8022084F83D002068211D01F0E8FD84
:102EC000012084F8460084F83E0084F83F0084F82E
:102ED000400084F8410084F8420084F8430084F8FC
:102EE000440084F8450084F83D00002010BD000037
:102EF00010B584B0006840F20041C4F2010188427C
:102F000032D040F60041C4F20001884218D0B0F13E
:102F1000804F1CBF04B010BD0020039043F640005A
:102F2000C4F202000168002241F001010160006862
:102F3000022100F00100039003981C201C2426E0CD
:102F40000020029043F64000C4F202000168002213
:102F500041F0080101600068032100F008000290C0
:102F600002983220322412E00020019043F6400003
:102F7000C4F202004168002241F002014160406851
:102F8000082100F00200019001982C202C24FFF76A
:102F900041FB204604B0BDE81040FFF729BB00000C
:102FA00090F83D1001291CBF01207047022180F8D4
:102FB0003D10006841F2FF72C168C4F20002904205
:102FC00041F00101C1600DDC40F2FF71C4F200016B
:102FD000884215DCB0F1804F2AD040F20041C4F2A3
:102FE000000123E040F2FF31C4F20101884213DC0A
:102FF00041F60001C4F20001884219D0002113E01B
:1030000040F60001C4F20001884211D040F60041B0
:10301000C4F200010AE000BF44F20001C4F2010161
:10302000884205D040F20041C4F20101884206D135
:10303000816801F00701062904BF0020704701687C
:1030400041F00101016000207047000090F83C2031
:10305000012A4FF002026CD080B580F83D20D0F8F4
:1030600000C04FF67772DCF8083023EA0202CCF891
:1030700008200B684F2B29DC1F2B45DD202B46D069
:10308000302B44D0402B40F0AF80D1F804E0C96829
:10309000DCF82030DCF8202022F00102CCF82020DF
:1030A000DCF8182022F0F00242EA011123F00A02B3
:1030B00042EA0E02CCF81810CCF82020DCF80810F8
:1030C00041F0470121F0300128E000BF6F2B33DDD4
:1030D000B3F5005F74D0B3F5805F21D0702B40F062
:1030E0008380D1E901E3C968DCF8082043EA0E03D4
:1030F00022F47F4243EA01211143CCF80810DCF8A6
:10310000081041F0770109E00BB1102B6CD1DCF80D
:10311000081021F07001194341F00701CCF80810A4
:103120000022012180F83D10002180F83C10BDE80C
:1031300080401046704700BF502B21D0602B53D1E8
:10314000D1F804E0C968DCF82030DCF8202022F057
:103150001002CCF82020DCF8182022F4704242EA59
:10316000013123F0A00242EA0E12CCF81810CCF87C
:103170002020DCF8081041F0670121F01001CDE7B4
:10318000D1F804E0C968DCF82030DCF8202022F017
:103190000102CCF82020DCF8182022F0F00242EAEC
:1031A000011123F00A0242EA0E02CCF81810CCF802
:1031B0002020DCF8081041F0570121F02001ADE794
:1031C000D1E901E3C968DCF8082043EA0E0322F4E0
:1031D0007F4243EA01211143CCF80810DCF80810C3
:1031E00041F480419AE700BF01229AE7704700004E
:1031F00070B504460068C5680669B10716D515F0B4
:10320000020113D06FF00201016101212177806971
:10321000800703D02046FFF7E9FF05E0204600F0D5
:1032200023F9204600F07AFA00202077700719D59C
:1032300015F0040016D020686FF00401016102212E
:103240002177806910F4407F04D02046FFF7CEFF3D
:1032500006E000BF204600F007F9204600F05EFAC5
:1032600000202077300717D515F0080014D020680B
:103270006FF00801016104212177C069800703D044
:103280002046FFF7B3FF05E0204600F0EDF82046AA
:1032900000F044FA00202077F00619D515F0100050
:1032A00016D020686FF01001016108212177C069F4
:1032B00010F4407F04D02046FFF798FF06E000BFDF
:1032C000204600F0D1F8204600F028FA00202077B0
:1032D000F00718BF15F0010002D1300609D412E042
:1032E00020686FF001010161204600F0A1FA30066C
:1032F00009D515F0800006D020686FF080010161CB
:103300002046FFF7BFFC700609D515F0400006D037
:1033100020686FF040010161204600F031FBB006EB
:1033200058BF70BD15F0200008D021686FF0200252
:1033300020460A61BDE87040FFF7A6BC70BD0000E2
:103340002DE9F04186B0006840F20041C4F201016D
:1033500000268842CDE90466CDE90266019637D0A1
:103360000021C4F2010188427BD1002543F63000E0
:103370000095C4F202000168002441F001010160DF
:103380000168C4F2020401F0010100910099009566
:103390000168022641F0100101600068012700F079
:1033A0001000009000988020019001A92046CDE9EE
:1033B000026504950597FEF735FE4FF47850CDE988
:1033C0000106CDE90355059704F5805046E000BF9E
:1033D00043F630000096C4F202000168002441F078
:1033E000010101600168C4F2020401F001010091D1
:1033F00000990096016801AD41F002010160016889
:103400004FF0020801F00201009100990096016856
:10341000032741F0040101600068294600F0040020
:1034200000900098202001902046CDE90286049665
:103430000597FEF7F7FD04F580602946CDE9017890
:10344000CDE903660597FEF7EDFD4FF4E070CDE999
:10345000010804F50060CDE90366059701A9FEF7B0
:10346000E1FD06B0BDE8F0817047000090F83C3007
:10347000012B04BF022070474FEAB202032A00F278
:10348000FF802DE9F043DFE802F003B13F7F00BF8A
:10349000036840F200461C6A1A6A24F0020422F013
:1034A00001021A621A46D3F804C052F818EF8F6866
:1034B00043F48065C4F20106B54244EA070405D12D
:1034C000CF6824F00C0427F004073C430F68B54292
:1034D00006D1D1E905582CF440762E4346EA080C73
:1034E0002EF073063743C3F804C09F614F68096923
:1034F0005F631C629F6947F008079F619F6927F01F
:1035000004079F61B1E000BF036840F200481C6AF5
:103510001A6A24F4007422F480721A621A46D3F8EC
:1035200004C052F81CEF8F6843F48065C4F20108B0
:10353000454544EA072408D1CF6840F2FF463F02E0
:1035400024F4406427EA06063443D1F80090454548
:1035500006D1D1E905562CF440572E4347EA061C04
:103560002EF0730747EA0907C3F804C0DF614F680C
:103570000969DF631C62DF6947F00807DF61DF6903
:1035800027F00407DF6170E0036840F20045D3F8DC
:1035900020C01A6A43F4806722F480521A621A46E5
:1035A0005C6852F81C8FD1F800E08E68C4F2010507
:1035B000AF4204D14D6924F4804444EA85142CF4CC
:1035C000005747EA063728F4E64646EA0E265C60CE
:1035D000DE614E6809691E641F62DF6947F4006797
:1035E000DF61DF6927F48067DF613DE0036840F257
:1035F00000481C6A1A6A24F0200422F010021A62A1
:103600001A46D3F804C052F818EF8F6843F4806567
:10361000C4F20108454544EA071407D1CF686FF0AA
:10362000400624F0C00406EA07163443D1F800909F
:10363000454506D1D1E905562CF440672E4347EAAB
:10364000860C2EF4E64747EA0927C3F804C09F61B9
:103650004F6809699F631C629F6947F400679F6117
:103660009F6927F480679F610902136819431160FD
:103670000021BDE8F043002280F83C200846704756
:103680000121002280F83C2008467047002804BF32
:103690000120704710B5044690F83D0028B900207D
:1036A00084F83C00204600F01FF8022084F83D001A
:1036B0002068211D01F0ECF9012084F8460084F80F
:1036C0003E0084F83F0084F8400084F8410084F80C
:1036D000420084F8430084F8440084F8450084F8EC
:1036E0003D00002010BD000000680021C4F201016F
:1036F000884218BF704781B00020009043F6440014
:10370000C4F20200016841F001010160006800F0AC
:1037100001000090009801B0704700007047000061
:10372000C1B1042908D0082914BF41224022825C7B
:10373000012A05D016E000BF3F22825C012A11D188
:103740000222082910D0042914BF80F8412080F8F3
:103750003F200BE090F83E20012A03D1022280F89E
:103760003E2003E00120704780F84020006801F00F
:103770001F010122036A02FA01F123EA0102026237
:10378000026A114341F2FF72C4F2000290420162E8
:103790000CDC40F2FF71C4F20001884214DCB0F18D
:1037A000804F37D040F2004116E000BF40F2FF31B9
:1037B000C4F20101884215DC41F60001C4F20001A7
:1037C000884227D0002115E040F60001C4F2000134
:1037D00088421FD040F60041C4F20001884219D04F
:1037E0001FE000BF44F20001C4F20101884211D081
:1037F00040F20041C4F20101884212D1416C40F212
:10380000004340F48062C4F2010341F400419A4253
:10381000416406D1816801F00701062904BF002038
:103820007047016841F0010101600020704700000D
:10383000F0B581B00746006840F60041C4F20001CF
:10384000884205D0B0F1804F00F0808001B0F0BD1B
:1038500043F2F050C2F2000000F55F6090ED000A04
:103860009FED421A30EE000A42F2106520EE010A86
:10387000C2F200059FED3E1A95ED022A20EE010AE4
:103880009FED3D1A30EE020AB4EE410AF1EE10FA55
:1038900085ED020A02DD9FED371A04E0B5EE400A1D
:1038A000F1EE10FA03DA30EE010A85ED020A9FED1F
:1038B000321A80EE010A9FED311A20EE010A03F060
:1038C00089FBBDEEC00A10EE100A49F6045C00F553
:1038D000C871C0F2360CA1FB0C3200F5487325F814
:1038E0000C0FA3FB0C4668804FF4966002FB10118E
:1038F00006FB103043F2F052A980E88005F1600128
:10390000C2F20002284601F0F7FF43F23C51C2F236
:103910000001B5F8600009684863B5F86200886383
:10392000B5F86400C86343F26441C2F20001B5F81F
:10393000660009684863B5F868008863B5F86A00EE
:10394000C8633868B0F1804F7FF480AF42F21060F6
:10395000C2F2000001214170817800297FF476AF26
:1039600081880131818001B0F0BD00BFDA0F49408C
:1039700065CF8B38DA0FC9C0DA0FC9400000964412
:1039800070470000002804BF0120704710B50446AE
:1039900090F8410028B9002084F84000204600F04B
:1039A00021F8242084F841002068C16821F40051E6
:1039B000C160204601F00AF92068016921F49041B4
:1039C0000161416921F02A014161C16841F400515E
:1039D000C16000202021606484F8411084F8421006
:1039E000606310BD80B586B041F200010068C4F28A
:1039F0000101002288420592CDE903220292019240
:103A000002D006B080BD00BF43F630000092C4F281
:103A10000200436943F010034361436903F010035C
:103A20000093009B0092036843F001030360006869
:103A300000F00100009000984FF4C0600190022057
:103A4000CDE90202032004900720059001F57040A3
:103A500001A9FEF7E7FA06B080BD0000FEE700000E
:103A60002DE9F04383B0044600680F4601680A9DC3
:103A70000B9E41F4807199469046016020464FF0BC
:103A8000011100222B46009600F0ACF850B12068DE
:103A90000068C00544BF4FF400702064032003B0E9
:103AA000BDE8F083206807F0FE0101610221C0F249
:103AB000010120462A46334600F07AF920B1012060
:103AC00003B0BDE8F08300BF0020029020683246BA
:103AD000416902918069294602900298204600F0CF
:103AE000D3F958B1206C0428E9D12068016841F469
:103AF00000710160012003B0BDE8F0832068B9F1D6
:103B0000010F0AD04FEA18210161204629463246AA
:103B100000F0BAF90028E5D120685FFA88F1016168
:103B2000002003B0BDE8F08370B50368044653F885
:103B3000140F400711D40E46481C29D086BB00BF85
:103B40001868400527D4FEF749FB236853F8140F83
:103B5000400737D518684007F2D5002070BD00BF78
:103B600018684007F9D41868400514D4186840074D
:103B7000F3D4186840050ED418684007EDD41868CF
:103B8000400508D4186840074FF0000048BF70BDDA
:103B900018684005E4D56FF480601860042012E0D6
:103BA000154603E053F8140F4007D6D418684005B3
:103BB000F1D4FEF713FB401B2368B042F2D95869D9
:103BC0004007EFD4202000212022216384F83D20EB
:103BD00084F83E10226C10432064012084F83C10CD
:103BE00070BD00002DE9F041054600681E461446F0
:103BF00001F47F0201338FB242D0DDF81880B2F5B4
:103C0000803F40F0878040693840C01BB0FA80F0A8
:103C10004009A04240F0C8804EB924E040693840D5
:103C2000C01BB0FA80F04009A04240F0BD80FEF712
:103C3000D5FAA0EB08012868B142EFD941693940B3
:103C4000C91BB1FA81F14909A142E7D19BE000BF4C
:103C500040693840C01BB0FA80F04009A0424FF0E4
:103C6000000040F0A280FEF7B9FA286841693940A7
:103C7000C91BB1FA81F14909A142E9D183E000BF32
:103C8000B2F5803F24D100BF41693940C91BB1FA68
:103C900081F14909A14240F0878041693940C91B3F
:103CA000B1FA81F14909A14240F07E804169394071
:103CB000C91BB1FA81F14909A14275D14169394065
:103CC000C91BB1FA81F14909A142DDD06CE000BF06
:103CD00081693940C91BB1FA81F14909A14263D117
:103CE00081693940C91BB1FA81F14909A1425BD10F
:103CF00081693940C91BB1FA81F14909A14253D107
:103D000081693940C91BB1FA81F14909A142DFD06B
:103D10004AE000BF80693840C01BB0FA80F040091B
:103D2000A04241D146B923E080693840C01BB0FAB7
:103D300080F04009A04237D1FEF750FAA0EB08010D
:103D40002868B142F0D981693940C91BB1FA81F1C3
:103D50004909A142E8D116E080693840C01BB0FA99
:103D600080F04009A0424FF0000018BFBDE8F0818C
:103D7000FEF734FA286881693940C91BB1FA81F12C
:103D80004909A142E8D100202021286385F83D108F
:103D900085F83E00296C41F02001296485F83C003B
:103DA0000120BDE8F08100BF0020BDE8F0810000E7
:103DB000F0B581B0044600681D4643698FB203EA3E
:103DC0000701B94202D1002001B0F0BD4169164699
:103DD00001323CD0490512D47EB300BFFEF7FEF994
:103DE000411B2068B14203D941693940B9422BD106
:103DF00041693940B942E6D041694905EED50168CB
:103E000041F4007101606FF4806141610420002180
:103E10002022216384F83D2084F83E10226C104358
:103E2000206484F83C10012001B0F0BD41693940A4
:103E3000B942C8D041694905E1D4FEF7CFF92068FD
:103E400041693940B942F1D02020E0E74169490594
:103E5000D5D441693940B942B5D041694905CED47C
:103E600041693940B942AED041694905C7D4416979
:103E70003940B942A7D041694905C0D441693940A8
:103E8000B942E3D19FE7000070B50368044653F8D8
:103E9000140F000611D40E46481C29D086BB00BF63
:103EA0001868400527D4FEF799F9236853F8140FD2
:103EB000000637D518680006F2D5002070BD00BF97
:103EC00018680006F9D41868400514D4186800066C
:103ED000F3D4186840050ED418680006EDD41868AD
:103EE000400508D4186800064FF0000048BF70BDB8
:103EF00018684005E4D56FF480601860042012E073
:103F0000154603E053F8140F0006D6D41868400590
:103F1000F1D4FEF763F9401B2368B042F2D9586927
:103F20000006EFD4202000212022216384F83D20C8
:103F300084F83E10226C10432064012084F83C1069
:103F400070BD0000B0B584B043F26830C2F200002A
:103F500042F2000C4FF080534FF060610024C4F235
:103F6000010C4FF480320125C0E90A1302210394A9
:103F7000047680F82040C16180F83040C0E900C27A
:103F8000C0E90244C0E90455FDF724FB002818BF2E
:103F9000FDF7E8F943F26830C2F200006946CDE966
:103FA00000450294FDF760FA002818BFFDF7DAF922
:103FB000012000900220019043F26830C2F200001C
:103FC0006946FDF751FA002818BFFDF7CBF904B098
:103FD000B0BD000080B582B00020019043F63000F3
:103FE000C4F202000168002241F48001016000680F
:103FF000002100F48000019001983820FEF70AFBB0
:10400000382002B0BDE88040FEF7F2BA2DE9F04159
:1040100086B0002643F630000596CDE90366CDE96B
:1040200001660096C4F20200016840F2004441F0CB
:10403000100101600168C4F2020401F01001009156
:10404000009900960168002241F08001016001683A
:104050004FF0040801F0800100910099009601687A
:1040600041F001010160016801F001010091009936
:104070000096016841F002010160016801F002014F
:10408000009100990096016841F004010160006808
:10409000042100F00400009000982046FEF798F8F4
:1040A0000F2001ADCDE90106012704F54060294646
:1040B0000397FDF7B7FF20462946CDE90187CDE9F3
:1040C0000366FDF7AFFF06B0BDE8F08180B543F2AF
:1040D000104045F20041C2F20000C4F2000148F273
:1040E000A06200234FF4804CC0F2010280E80E0071
:1040F000C0E9033CC0E90533C0E90733FEF774F8B3
:10410000002808BF80BDBDE88040FDF72BB9000046
:1041100080B592B043F2644000220021C2F2000058
:10412000C4F2010201231191CDE90F11CDE90D1166
:10413000CDE90B11CDE90911CDE90711CDE9051143
:10414000CDE90311CDE901114FF0200C40F6330EFB
:1041500080E80C50C0E904138161FFF797FA00284A
:1041600018BFFDF7FFF843F26440C2F2000010A947
:10417000FEF7B2FD002818BFFDF7F4F860200990A3
:104180004FF4FA700A9000204FF48071CDE90B00D3
:104190000D90CDE90E1043F26440C2F2000009A96F
:1041A0000022FFF763F9002818BFFDF7DBF843F2A0
:1041B0006440C2F2000009A90422FFF757F9002861
:1041C00018BFFDF7CFF843F26440C2F2000009A91E
:1041D0000822FFF74BF9002818BFFDF7C3F80020AD
:1041E000A821CDE901000390CDE904104FF400505F
:1041F00006904FF48040089043F26440C2F2000001
:1042000001A9FEF743FD002818BFFDF7ABF843F204
:104210006440C2F20000FFF793F812B080BD0000C6
:1042200080B586B043F2AC400021C2F200004FF0EE
:10423000804242F2D0034FF4FA6C0591CDE90311AC
:10424000CDE90011C0E90023C0E9021C01618161D0
:10425000FEF720FE002818BFFDF784F84FF48050C9
:10426000029043F2AC40C2F2000002A9FEF7EEFE5B
:10427000002818BFFDF776F843F2AC40C2F2000008
:104280006946FEF729FD002818BFFDF76BF806B058
:1042900080BD000080B586B043F2F44040F6004295
:1042A0000021C2F20000C4F2000237234FF0630C79
:1042B0000591CDE90311CDE90011C0E90023C0E962
:1042C000021C01618161FEF7E5FD002818BFFDF7C2
:1042D00049F84FF48050029043F2F440C2F20000DB
:1042E00002A9FEF7B3FE002818BFFDF73BF843F222
:1042F000F440C2F200006946FEF7EEFC002818BF49
:10430000FDF730F806B080BD10B596B043F23C50D2
:1043100040F200420021C2F20000C4F20102012377
:104320001591CDE913111191CDE90F11CDE90D11C1
:10433000CDE90B11CDE90911CDE90711CDE9051141
:10434000CDE90311CDE90111202440F6330C80E8BA
:104350001C10C0E904138161FEF79CFD002818BF02
:10436000FDF700F84FF48050129043F23C50C2F237
:10437000000012A9FEF76AFE002818BFFCF7F2FF42
:1043800043F23C50C2F20000FFF780F9002818BF4A
:10439000FCF7E8FF2020109043F23C500024C2F2CA
:1043A000000010A91194FEF797FC002818BFFCF735
:1043B000D9FF602009904FF4FA70CDE90A0443F266
:1043C0003C50C2F2000009A90022CDE90C44CDE91D
:1043D0000E44FFF74BF8002818BFFCF7C3FF43F269
:1043E0003C50C2F2000009A90422FFF73FF8002860
:1043F00018BFFCF7B7FF43F23C50C2F2000009A916
:104400000822FFF733F8002818BFFCF7ABFF0020A5
:10441000A821CDE901000390CDE904104FF400502C
:1044200006904FF48040089043F23C50C2F20000E6
:1044300001A9FEF72BFC002818BFFCF793FF43F2FD
:104440003C50C2F20000FEF77BFF16B010BD00002A
:1044500080B543F2845041F20001C2F20000C4F280
:10446000010100234FF00C0C4FF4E13280E80E0004
:10447000C0E90333C0E905C3C361FFF783FA00282D
:1044800008BF80BDBDE88040FCF76CBFFEE70000C0
:10449000FEE700002DE9F04F85B043F210440025FF
:1044A0004FF480760127C2F200040DF1120B0DF1DA
:1044B00013084FF0000900BF49F0B0008DF810005C
:1044C00004A8CDE9000720467821002201230296A6
:1044D000FDF73CFF0DF11100CDE9000720467821E2
:1044E000002201238DF811500296FDF72FFF1020B6
:1044F0008DF812002046782100220123CDE900B773
:104500000296FDF723FF4FF0000A00BF20467821F6
:10451000402201238DF81350CDE900870296FDF764
:1045200015FF0AF101004FFA80FABAF1FF3FEDDC06
:10453000B9F1070F09F10109BED305B0BDE8F08F4D
:1045400070B584B08D2043F210448DF80D00012623
:104550000DF10D00C2F200044FF48075CDE90006A4
:1045600020467821002201230295FDF7EFFE14205A
:104570008DF80E000DF10E00CDE9000620467821E1
:10458000002201230295FDF7E1FEAF208DF80F0018
:104590000DF10F00CDE9000620467821002201230D
:1045A0000295FDF7D3FE04B070BD000080B5C820B1
:1045B000FDF7CEFBBDE8804000F07EBB2DE9F04F5B
:1045C00089B047B2C0F3C010203A01EB400427EA9B
:1045D000E7711027A4F1500047EA111601F00F050A
:1045E000102BD7B240F0308143F2104B8DF81800F9
:1045F0004FF0010806A8C2F2000B4FF4807CCDE911
:1046000000085846782100220123CDF808C00594FF
:10461000FDF79CFE0DF11900CDE900085846782100
:10462000002201234FF480748DF819600294FDF785
:104630008DFE0DF11A00CDE90008584678210022C0
:1046400001238DF81A5002944FF48074FDF77EFE1A
:1046500047F6D4213801C0F60001085C01EB0717CA
:104660008DF81B0004950DF11B055846782140225A
:104670000123CDE900580294FDF768FE787897F899
:10468000029097F803A003963E798DF81B005846D8
:10469000782140220123CDE900580294FDF756FE0F
:1046A00058467821402201238DF81B90CDE900580F
:1046B0000294FDF74BFE58467821402201238DF8E5
:1046C0001BA0CDE900580294FDF740FE5846782122
:1046D000402201238DF81B60CDE900580294FDF7BC
:1046E00035FE787978218DF81B0058464022012349
:1046F000CDE900580294FDF729FEB87978218DF8AC
:104700001B00584640220123CDE900580294FDF7D2
:104710001DFEF87978218DF81B00584640220123B0
:10472000CDE900580294FDF711FE059878214F3825
:104730008DF81C0007A8CDE9000858460022012387
:104740000294FDF703FE039878218DF81D000DF10A
:104750001D00CDE900085846002201230294FDF710
:10476000F5FD049878218DF81E000DF11E00CDE9AD
:1047700000085846002201230294FDF7E7FD387A2D
:104780000DF11F058DF81F005846782140220123A6
:10479000CDE900580294FDF7D9FD787A78218DF89B
:1047A0001F00584640220123CDE900580294FDF72E
:1047B000CDFDB87A78218DF81F005846402201239C
:1047C000CDE900580294FDF7C1FDF87A78218DF803
:1047D0001F00584640220123CDE900580294FDF7FE
:1047E000B5FD387B78218DF81F0058464022012303
:1047F000CDE900580294FDF7A9FD787B78218DF86A
:104800001F00584640220123CDE900580294FDF7CD
:104810009DFDB87B78218DF81F005846402201236A
:10482000CDE900580294FDF791FDF87BCDE90058E1
:104830008DF81F0058467821402201230294FDF78D
:1048400085FD09B0BDE8F08F43F2104B8DF82000D4
:104850004FF0010908A8C2F2000B4FF4807ACDE9AD
:1048600000095846782100220123CDF808A0FDF761
:104870006DFD0DF12100CDE9000958467821002297
:1048800001238DF82160CDF808A0FDF75FFD0DF143
:104890002200CDE9000958467821002201238DF835
:1048A0002250CDF808A0FDF751FD47F6AC0107EB0B
:1048B0004700C0F6000111F8102001EB40078DF809
:1048C00023200DF123055846782140220123CDE90C
:1048D0000059CDF808A0FDF739FD7878BE78FC784E
:1048E00097F804808DF82300584678214022012350
:1048F000CDE90059CDF808A0FDF728FD58467821EC
:10490000402201238DF82360CDE90059CDF808A09D
:10491000FDF71CFD58467821402201238DF82340E5
:10492000CDE90059CDF808A0FDF710FD58467821D3
:10493000402201238DF82380CDE90059CDF808A04D
:10494000FDF704FD787978218DF823005846402240
:104950000123CDE90059CDF808A0FDF7F7FC09B017
:10496000BDE8F08F2DE9F04115461278002A08BF06
:10497000BDE8F08198460E4607460024F8B2F1B231
:10498000D2B24346FFF71AFE0837F8B2013478284E
:10499000E0B288BF02362A5C88BF0027002AEDD12A
:1049A000BDE8F0817047000070470000FDF7B6BD1C
:1049B00070B592B006AC20463021FBF74CFE0025C6
:1049C00043F640000595CDE90355CDE90155009525
:1049D000C4F202000168022641F0805101600068C3
:1049E00000F080500090009847F200000095C4F25B
:1049F0000000016841F4804101600068A82100F4D2
:104A0000804000900098012006904FF4803007907D
:104A10004FF480000D9004200E90119020460C96CB
:104A2000CDE90F16FDF742FF10B172B6FEE700BFE9
:104A30000F20CDE901064FF4A05004904FF48050B0
:104A4000059001A805210395FDF720FE10B172B66F
:104A5000FEE700BF12B070BD4EF68850CEF20000E7
:104A6000016841F4700101607047000043F2AC40FE
:104A7000C2F20000FEF7BCBB43F2F440C2F20000F9
:104A8000FEF7B6BB43F23C50C2F20000FEF7B0BBEB
:104A9000B0B540F6FF3E0568C4F2000E40F2004C8F
:104AA0007045C4F2010C25DCB0F1804F2FD040F2EC
:104AB0000043C4F20003984229D040F60003C4F238
:104AC0000003984223D041F6FF73C4F200039842DA
:104AD00028DC70453ADCB0F1804F5BD040F20043F7
:104AE000C4F20003984255D040F60003C4F200031C
:104AF0004EE000BF40F60043C4F20003984206D0E7
:104B0000604504D00023C4F201039842DBD14B6816
:104B100025F0700243EA020541F6FF73C4F2000378
:104B20009842D6DD43F6FF73C4F2010398421FDCBE
:104B300042F20003C4F2000398422BD00023C4F2D7
:104B40000103984226D0604524D028E040F6004377
:104B5000C4F2000398421DD041F60003C4F20003E2
:104B6000984217D041F60043C4F2000310E000BFA2
:104B700044F20003C4F2010398420BD044F6000350
:104B8000C4F20103984205D044F20043C4F2010389
:104B9000984204D1CB6825F4407243EA02050A68C2
:104BA0008C684B69C46240F480648262644504BFCF
:104BB00009690163026825F0800142F0040219438B
:104BC0000260012242610160B0BD0000B0B5044640
:104BD000006804F108030ECB0569194325F440551C
:104BE0002A4302616269E3691143C268194349F2C9
:104BF0000C639A431143C1604169A26921F4407179
:104C000041F20043114340F48062C4F201039A422E
:104C1000416103D1FDF700FE02E000BFFDF7E8FDB2
:104C2000E1694FF69C7563681922C0F6FF75B1F50E
:104C3000004FA0FB02011FD15A00DB0FFBF75AFB0C
:104C400048F21F51C5F2EB11A0FB01235A0905F1EF
:104C5000805302FB0300322303EBC000A0FB0101E1
:104C60004FF4F87000EA111000EB0210C1F342118A
:104C7000084421688860B0BD9A009B0FFBF73AFB9F
:104C800048F21F51C5F2EB11A0FB01235A0902FBA8
:104C90000500322303EB0010A0FB0101F02000EA25
:104CA000511000EB0210C1F34311084421688860E1
:104CB000B0BD0000FEE70000F0B583B043F2104441
:104CC00040F20807C2F200044FF480750126C2F2D8
:104CD00000072046782100220123CDE900760295C5
:104CE000FDF734FB781CCDE9000620467821002230
:104CF00001230295FDF72AFBB81CCDE900062046EA
:104D00007821002201230295FDF720FBF81CCDE954
:104D1000000620467821002201230295FDF716FBAC
:104D2000381DCDE900062046782100220123029596
:104D3000FDF70CFB781DCDE9000620467821002206
:104D400001230295FDF702FBB81DCDE900062046C0
:104D50007821002201230295FDF7F8FAF81DCDE92C
:104D6000000620467821002201230295FDF7EEFA85
:104D700007F10800CDE90006204678210022012332
:104D80000295FDF7E3FA07F10900CDE90006204698
:104D90007821002201230295FDF7D8FA07F10A00D5
:104DA000CDE9000620467821002201230295FDF777
:104DB000CDFA07F10B00CDE900062046782100224C
:104DC00001230295FDF7C2FA07F10C00CDE90006B8
:104DD00020467821002201230295FDF7B7FA07F15A
:104DE0000D00CDE90006204678210022012302951E
:104DF000FDF7ACFA07F10E00CDE900062046782158
:104E0000002201230295FDF7A1FA07F10F00CDE979
:104E1000000620467821002201230295FDF796FA2C
:104E200007F11000CDE90006204678210022012379
:104E30000295FDF78BFA07F11100CDE90006204637
:104E40007821002201230295FDF780FA07F1120074
:104E5000CDE9000620467821002201230295FDF7C6
:104E600075FA07F11300CDE90006204678210022EB
:104E700001230295FDF76AFA07F11400CDE9000657
:104E800020467821002201230295FDF75FFA07F101
:104E90001500CDE900062046782100220123029565
:104EA000FDF754FA07F11600CDE9000620467821F7
:104EB000002201230295FDF749FA07F11700CDE919
:104EC000000620467821002201230295FDF73EFAD4
:104ED00007F11800CDE900062046782100220123C1
:104EE0000295FDF733FA07F11900CDE900062046D7
:104EF0007821002201230295FDF728FA07F11A0014
:104F0000CDE9000620467821002201230295FDF715
:104F10001DFA03B0F0BD00002DE9F04F8BB08046C4
:104F20000020B8F1006F0590C0F084801446002A7C
:104F300000F080804FF6FF7004EB0807C0F60D000C
:104F4000874277D80D46FDF755F847456CD944F2AE
:104F5000000AC0F6000A0AF5004004900AF5404035
:104F600003900AF5E03002900AF570300DF1140953
:104F70000AF5804B01900AF5B8204646009011E0F2
:104F8000012008900120099002200A9006A84946B5
:104F9000FCF7F2FE002851D14CF25030FCF7E6F954
:104FA000BE424BD2306801300AD0002056450690F0
:104FB000E7D35E45E4D30498864209D20220E0E7B5
:104FC00001364CF25030FCF7D1F9BE42EAD335E05D
:104FD0000398864202D20320D3E700BF029886429C
:104FE00002D20420CDE700BF0198864202D20520FC
:104FF000C7E700BF0098864202D20620C1E700BF83
:105000000AF5F820864201D20720BAE70AF51C20EB
:10501000864201D20820B4E70AF53C2086424FF0D0
:105020000A0038BF0920ACE74CF25030FCF79EF97B
:10503000FCF768FF0BB0BDE8F08F00BF4CF25030BA
:10504000FCF794F90028F3D14745F1D92A780020DC
:1050500041460023FCF760FF0028E9D108F1010870
:10506000013C05F10105F1D1E2E70000000000007C
:105070002DE9F04142F28864C2F200042046FBF7B9
:10508000FDFE074604F11800FBF7F8FE064604F1A2
:105090003000FBF7F3FE054604F14800FBF7EEFE97
:1050A00042F210648046012FC2F2000430D1A07990
:1050B00002282DD0012803D10020A07107E000BFF5
:1050C000411C0028A17100F0C580FF2820D1FFF706
:1050D000E1F948F2CC07C0F60007002000213A466B
:1050E0001023FFF73FFC07F11002002002211023DC
:1050F000FFF738FC07F11802002004211023FFF706
:1051000031FC07F12002002006211023FFF72AFCC2
:10511000012E47D1A079022808D0012842D10221CE
:10512000204600F8061F00F0A9FB3BE001212046C5
:1051300000F8061F00F0D2FA43F2F0570026C2F240
:105140000007C0F6060607F6F45130460422FFF7C2
:10515000E3FE301D07F55D610422FFF7DDFE06F179
:10516000080007F55E610422FFF7D6FE06F10C0089
:1051700007F6E4510422FFF7CFFE06F1100007F511
:105180005F610422FFF7C8FE06F1140007F6D8514C
:105190000422FFF7C1FE06F1180007F6DC510422D5
:1051A000FFF7BAFE012D0FD1A079022826D00128E1
:1051B00040F07881E179A01D8A1F18BF4A1CE27176
:1051C00000F08CFA6EE100BF022D40F06B81A079F7
:1051D000022840F06781E079062800F25D81DFE86F
:1051E00000F00595858D7DA1AD0000BF43F2F05024
:1051F000C2F2000000F55E608EE000BFE079062894
:1052000000F24A81DFE810F00800FA00C200DA007C
:10521000AA001801360100BF43F2F055C2F20005A2
:10522000D5F8E00D02F036FA9FEDDB0B53EC102BB6
:1052300001F06CFF01F038FF00EE100AB5EE400AF5
:10524000F1EE10FAC5F8E00DBCBF0020C5F8E00D86
:1052500022E100BFFFF71EF948F2CC07C0F60007B5
:1052600007F14002002000210C23FFF77BFB07F130
:105270004802002001210C23FFF774FB07F15002C4
:10528000002002210C23FFF76DFB07F158020020DC
:1052900003210C23FFF766FB07F1600200200421C5
:1052A0000C23FFF75FFB07F12002002005210C23F0
:1052B000FFF758FB07F13002002006210C23FFF70F
:1052C00051FB43F2F050C2F2000000F045FAA01D7D
:1052D00000F004FA012E3FF41DAF63E743F2F050F3
:1052E000C2F2000000F55F602EE000BF43F2F05014
:1052F000C2F2000000F55D6026E000BF43F2F0500E
:10530000C2F2000000F6F45006E000BF43F2F05095
:10531000C2F2000000F6E45090ED000A9FEDE51A9D
:1053200016E000BF43F2F055C2F20005D5F8D80DE3
:1053300002F0B0F99FEDE00B88E000BF43F2F050BF
:10534000C2F2000000F6DC5090ED000ABFEE001A39
:1053500030EE010A80ED000A9EE000BF43F2F050FB
:10536000C2F2000000F55F6191ED000ABFEE001A85
:1053700030EE010AB5EE400AF1EE10FA81ED000AB6
:10538000BCBF0021C0F8F01D86E000BF43F2F05022
:10539000C2F2000000F55D6191ED000ABFEE001A57
:1053A00030EE010AB5EE400AF1EE10FA81ED000A86
:1053B000BCBF0021C0F8D01D6EE000BF43F2F05525
:1053C000C2F20005D5F8F40D02F064F99FEDBC0BB4
:1053D00053EC102B01F09AFE01F066FE05F55D61BD
:1053E00091ED000AC5F8F40DB5EE400AF1EE10FAA1
:1053F000BCBF0020C5F8F40D4EE000BF43F2F055ED
:10540000C2F20005D5F8E40D02F044F99FEDAC0BB3
:1054100053EC102B01F07AFE01F046FE00EE100A6C
:10542000B5EE400AF1EE10FAC5F8E40DBCBF00205D
:10543000C5F8E40D30E000BF43F2F055C2F20005BC
:10544000D5F8D80D02F026F99FED9D0B53EC102BEB
:1054500001F05CFE01F028FE00EE100AB5EE400AF5
:10546000F1EE10FAC5F8D80DBCBF0020C5F8D80D74
:1054700012E000BF43F2F055C2F20005D5F8DC0D92
:1054800002F008F99FED8C0B53EC102B01F03EFE5F
:1054900001F00AFEC5F8DC0D43F2F050C2F2000044
:1054A00000F05AF9B8F1010F10D1A079022829D0E3
:1054B000012825D1E179A01D4A1E002908BF062236
:1054C000E271BDE8F04100F009B900BFB8F1020F88
:1054D00016D1A079022818BFBDE8F081E07906282E
:1054E0002CD8DFE800F0054B3B43335D690000BF7B
:1054F00043F2F050C2F2000000F55E6044E000BFED
:10550000BDE8F081E079062818D8DFE800F00585CD
:10551000276B1F9FB90000BF43F2F054C2F2000492
:10552000D4F8E00D02F0B6F89FED690B53EC102BA8
:1055300001F0ECFD01F0B8FDC4F8E00D43F2F050CD
:10554000C2F20000BDE8F04100F006B943F2F050AD
:10555000C2F2000000F55F6034E000BF43F2F0509B
:10556000C2F2000000F55D602CE000BF43F2F05095
:10557000C2F2000000F6F45006E000BF43F2F05023
:10558000C2F2000000F6E45090ED000A9FED521ABE
:105590001CE000BF00BF00BF7B14AE47E17A84BFB0
:1055A00043F2F054C2F20004D4F8D80D02F072F8BD
:1055B0009FED450B54E000BF43F2F050C2F20000F3
:1055C00000F6DC5090ED000AB7EE001A30EE010A4A
:1055D00080ED000A43F2F050C2F20000BDE8F04155
:1055E00000F0BAB843F2F054C2F20004D4F8F40D5B
:1055F00002F050F89FED360B53EC102B01F086FDB6
:1056000001F052FDC4F8F40D43F2F050C2F2000074
:10561000BDE8F04100F0A0B843F2F054C2F200043B
:10562000D4F8E40D02F036F89FED290B53EC102B63
:1056300001F06CFD01F038FDC4F8E40D43F2F050C8
:10564000C2F20000BDE8F04100F086B843F2F05429
:10565000C2F20004D4F8D80D02F01CF89FED1C0B28
:1056600053EC102B01F052FD01F01EFDC4F8D80DD3
:1056700043F2F050C2F20000BDE8F04100F06CB817
:1056800043F2F054C2F20004D4F8DC0D02F002F848
:105690009FED0D0B53EC102B01F038FD01F004FDD4
:1056A000C4F8DC0D43F2F050C2F20000BDE8F04156
:1056B00000F052B8CDCCCCBD9A9999999999B9BFBF
:1056C0007B14AE47E17A84BF9A9999999999B93F29
:1056D0007B14AE47E17A843FCDCCCC3DB0B548F2E7
:1056E0003415C0F600050446642000212A460C2328
:1056F000FFF738F9642001212A460C23FFF732F91D
:10570000642002212A460C23FFF72CF96420032190
:105710002A460C23FFF726F9642004212A460C238D
:10572000FFF720F9642005212A460C23FFF71AF918
:10573000642006212A460C23FFF714F96178062914
:1057400088BFB0BD40F22802C2F2000264200C23E0
:10575000BDE8B040FFF706B92DE9F04F81B006462D
:10576000D0F8E00D01F096FF42F2106848F23817C9
:10577000C2F20008C0F6000702460B4608F13400EA
:1057800039460090FAF72EFED6F8E40D01F082FFBC
:1057900008F13C0902460B4648463946FAF722FE14
:1057A000D6F8D00D01F076FF08F1440A02460B4608
:1057B00050463946FAF716FED6F8F40D01F06AFFA6
:1057C00008F14C0B02460B462AA15846FAF70AFE8E
:1057D000D6F8F00D01F05EFF08F1540402460B46C6
:1057E00020463946FAF7FEFDD6F8D80D01F052FFF3
:1057F00008F15C0502460B4628463946FAF7F2FDE9
:10580000D6F8DC0D01F046FF08F1640602460B46AF
:1058100030463946FAF7E6FD009A322000210C2383
:10582000FFF7A0F8322001214A460C23FFF79AF82F
:105830003220022152460C23FFF794F83220032134
:105840005A460C23FFF78EF83220042122460C23FF
:10585000FFF788F8322005212A460C23FFF782F84B
:105860003220062132460C2301B0BDE8F04FFFF78D
:1058700079B800BF25352E3266000000B0B548F279
:105880003415C0F600050446642000212A460C2386
:10589000FFF768F8642001212A460C23FFF762F81D
:1058A000642002212A460C23FFF75CF864200321C0
:1058B0002A460C23FFF756F8642004212A460C23BD
:1058C000FFF750F8642005212A460C23FFF74AF819
:1058D000642006212A460C23FFF744F86178062944
:1058E00088BFB0BD40F22C02C2F2000264200C233B
:1058F000BDE8B040FFF736B82DE9F04F81B02DED8F
:10590000028B86B0039102F6DC5191ED000A4188CA
:10591000BDEEC00A10EE102A53189B4648BF0BF587
:10592000966BB3F5966FC8BFA3F5966BC78885884D
:1059300042F210600297C2F20000807840F2300319
:10594000C2F20003059003EB810090ED000AB1EE76
:10595000088AB8EEC00A80EE080AA818824648BF36
:105960000AF5966AB0F5966FC8BFA0F5966AB818A2
:1059700041F2F022C2F2000202EB810191ED001A25
:105980000146B8EEC11A48BF01F5966130EE010A32
:10599000B0F5966FC8BFA0F5966110EE100A994653
:1059A000049101F077FE9FED720B57EC104B2246ED
:1059B0003B4601F083FC9FED700B58EC106B3246B8
:1059C0004346019601F0A2FB01F048FC09EB85017A
:1059D00091ED000A41F2F021B8EEC00A80EE080A0B
:1059E000C2F2000101EB850191ED001A039DB8EEB2
:1059F000C11A288030EE010A10EE100A01F04AFEAA
:105A000022463B4601F05AFC32464346C14601F06D
:105A10007DFB01F023FC029A40F23001C2F200014A
:105A200001EB820191ED000A41F2F021B8EEC00ACB
:105A300080EE080AC2F2000101EB820191ED001A2A
:105A40006880B8EEC11A30EE010A10EE100A01F0BB
:105A500021FE22463B462646B84601F02FFC019C1B
:105A60004B4622464F4601F051FB01F0F7FB40F256
:105A70003009C2F2000909EB8B0191ED000A41F2F5
:105A8000F021B8EEC00A80EE080AC2F2000101EB74
:105A90008B0191ED001AA880B8EEC11A30EE010A10
:105AA00010EE100A01F0F6FD3246434601F006FC06
:105AB00022463B4601F02AFB01F0D0FB09EB8A01AC
:105AC00091ED000A41F2F02BB8EEC00A80EE080A10
:105AD000C2F2000B0BEB8A0191ED001AE880B8EEE0
:105AE000C11A30EE010A10EE100A01F0D3FD324661
:105AF000434601F0E3FB22463B4601F007FB01F081
:105B0000ADFB049A288109EB820191ED000A0BEBB1
:105B10008201B8EEC00A80EE080A91ED001AB8EED4
:105B2000C11A30EE010A10EE100A01F0B3FD324640
:105B3000434601F0C3FB22463B4601F0E7FA01F081
:105B40008DFB0599688169B140F20040C4F2020002
:105B50000421002206B0BDEC028B01B0BDE8F04F7D
:105B6000FCF736BB06B0BDEC028B01B0BDE8F08F90
:105B70009A9999999999C93F00000000006890404E
:105B80008AB04FF6C019CFF6FF79FCF7D5FCFEF7C7
:105B90000FFFFEF73BFAFEF71DFAFEF759FCFEF782
:105BA00079FBFEF7CFF9FEF7AFFBFEF78FFAFEF7B2
:105BB00037FBFEF7ADFA43F2F054C2F20004204680
:105BC00040F6F851FAF747FD0021C0F6060191EDC5
:105BD000000A91ED011A91ED022A91ED033A08694C
:105BE00091ED054A91ED065A43F23331C3F6337114
:105BF000C4F8D41D10EE101A013111EE101A9FEDE9
:105C0000656A08BFB0EE460A013104F6F45A12EE96
:105C1000101A8AED000A9FED600A08BFB0EE401A24
:105C2000013104F55D6B9FED5D0A04F55E6713EECF
:105C3000101A8BED001A08BFB0EE402A87ED002A3B
:105C40009FED570A013108BFB0EE403AC4F8F00D9D
:105C500014EE100A013004F6E45104F6D850049111
:105C600081ED003A9FED4F0A08BFB0EE404A80ED4B
:105C7000004A15EE100A013004F6DC509FED4A8A06
:105C800008BFB0EE485A80ED005A00F087FD41F29F
:105C90000008C4F20208A8F5406004210122FCF7C4
:105CA00097FA43F2F440C2F20000FDF779F943F2AB
:105CB000AC40C2F20000FDF773F942F2E86643F22D
:105CC0006830C2F20006C2F2000031464FF4C862EA
:105CD000FBF786FDFEF76AFCFEF732FCFEF7DAFB07
:105CE00048F2CC05C0F60005002000212A4610230A
:105CF000FEF738FE05F11002002002211023029267
:105D0000FEF730FE05F11802002004211023FEF7F3
:105D100029FE05F12002002006211023FEF722FEB5
:105D200042F28865C2F2000528464146012200235E
:105D3000FBF7AAF805F1180041460222002307905C
:105D4000FBF7A2F805F1300041460422002306903B
:105D5000FBF79AF805F14800414608220023059018
:105D6000B846FBF791F842F210659FED109A9FED4F
:105D700010AA9FED10BA9FED10CA9FED10DA9FEDAB
:105D800010EAC2F20005A6F120000390CDE9007AE6
:105D900018E000BF00002C42000000420AD7A33CDC
:105DA0000AD7233CCDCC4C3F000000003333534096
:105DB000000080390000A04200004844CDCC4C3D9A
:105DC0003333733F42F28860C2F20000FBF76CF895
:105DD0000798FBF769F80698FBF766F80598FBF754
:105DE00063F8FFF745F9687850B3A888322805D3DF
:105DF000A87818B90120A8700020A8800020687039
:105E0000A879002800F06684022819D1029A00209F
:105E100007210C23FEF7A6FDD4F8C00D01F03AFCD3
:105E20000B4608AF48F23D1102463846C0F6000165
:105E3000FAF7D8FA322007213A460C23FEF792FDF2
:105E400028780128BED100202870039931F8203F1E
:105E50002218A2F8403106EB40035F889D88A2F823
:105E60008077DF88A2F842511D89A2F882775F8986
:105E7000A2F844519D89A2F88477CF89A2F84651AF
:105E80000D8AA2F886775F8AA2F848519D8AA2F807
:105E90008877DF8AA2F84A511D8BA2F88A775F8B38
:105EA0009B8B1030A2F84E31CB8BB0F5C86FA2F8A7
:105EB0004C51A2F88C77A2F88E37C7D104F5A075A3
:105EC0006FF0030728460A214FF41672FBF730F8EB
:105ED000E0190437B7F59E7F05F1140580ED010A3E
:105EE000F0D10021B0EE480AC4F8CC1D621892ED42
:105EF000001A04F6CC5030EE010A80ED000A92ED53
:105F0000011A503130EE010A80ED000A92ED021ABA
:105F1000B1F5A07F30EE010A80ED000A92ED031A80
:105F200030EE010A80ED000A92ED041A30EE010A0B
:105F300080ED000A92ED051A30EE010A80ED000AAC
:105F400092ED061A30EE010A80ED000A92ED071A72
:105F500030EE010A80ED000A92ED081A30EE010AD7
:105F600080ED000A92ED091A30EE010A80ED000A78
:105F700092ED0A1A30EE010A80ED000A92ED0B1A3A
:105F800030EE010A80ED000A92ED0C1A30EE010AA3
:105F900080ED000A92ED0D1A30EE010A80ED000A44
:105FA00092ED0E1A30EE010A80ED000A92ED0F1A02
:105FB00030EE010A80ED000A92ED101A30EE010A6F
:105FC00080ED000A92ED111A30EE010A80ED000A10
:105FD00092ED121A30EE010A80ED000A92ED131ACA
:105FE00030EE010A80ED000A7FF480AF04F6C8515C
:105FF00091ED001A42F210654A46C2F2000500BF58
:10600000A318B3F8C07D283202EE107AB8EE422A07
:1060100022EE092AB3F8C27D22EE0A2A31EE021AD4
:1060200002EE107AB8EE422A22EE092AB3F8C47DB5
:1060300022EE0A2A31EE021A02EE107AB8EE422A55
:1060400022EE092AB3F8C67D22EE0A2A31EE021AA0
:1060500002EE107AB8EE422A22EE092AB3F8C87D81
:1060600022EE0A2A31EE021A02EE107AB8EE422A25
:1060700022EE092AB3F8CA7D22EE0A2A31EE021A6C
:1060800002EE107AB8EE422A22EE092AB3F8CC7D4D
:1060900022EE0A2A31EE021A02EE107AB8EE422AF5
:1060A00022EE092AB3F8CE7D22EE0A2A31EE021A38
:1060B00002EE107AB8EE422A22EE092AB3F8D07D19
:1060C00022EE0A2A31EE021A02EE107AB8EE422AC5
:1060D00022EE092AB3F8D27D22EE0A2A31EE021A04
:1060E00002EE107AB8EE422A22EE092AB3F8D47DE5
:1060F00022EE0A2A31EE021A02EE107AB8EE422A95
:1061000022EE092AB3F8D67D22EE0A2A31EE021ACF
:1061100002EE107AB8EE422A22EE092AB3F8D87DB0
:1061200022EE0A2A31EE021A02EE107AB8EE422A64
:1061300022EE092AB3F8DA7D22EE0A2A31EE021A9B
:1061400002EE107AB8EE422A22EE092AB3F8DC7D7C
:1061500022EE0A2A31EE021A02EE107AB8EE422A34
:1061600022EE092AB3F8DE7D22EE0A2A31EE021A67
:1061700002EE107AB8EE422A22EE092AB3F8E07D48
:1061800022EE0A2A31EE021A02EE107AB8EE422A04
:1061900022EE092AB3F8E27D22EE0A2A31EE021A33
:1061A00002EE107AB8EE422A22EE092AB3F8E47D14
:1061B00022EE0A2A31EE021A02EE107AB8EE422AD4
:1061C00022EE092AB3F8E63D22EE0A2A31EE021A3F
:1061D00002EE103AB8EE422A22EE092A22EE0A2AEC
:1061E00031EE021A7FF40CAF80EE0B2A81EE0C0A1E
:1061F000B0EE481A80ED002A81ED000A0021C4F8B3
:10620000C01DC4F8C41D00BF621892ED003A04F529
:106210005C6033EE423A23EE033A33EE011A80ED2E
:10622000001A92ED013A503133EE423A23EE033A2E
:1062300033EE011A80ED001A92ED023AB1F5A07F1B
:1062400033EE423A23EE033A33EE011A80ED001AA0
:1062500092ED033A33EE423A23EE033A33EE011A5B
:1062600080ED001A92ED043A33EE423A23EE033AFF
:1062700033EE011A80ED001A92ED053A33EE423A00
:1062800023EE033A33EE011A80ED001A92ED063A3E
:1062900033EE423A23EE033A33EE011A80ED001A50
:1062A00092ED073A33EE423A23EE033A33EE011A07
:1062B00080ED001A92ED083A33EE423A23EE033AAB
:1062C00033EE011A80ED001A92ED093A33EE423AAC
:1062D00023EE033A33EE011A80ED001A92ED0A3AEA
:1062E00033EE423A23EE033A33EE011A80ED001A00
:1062F00092ED0B3A33EE423A23EE033A33EE011AB3
:1063000080ED001A92ED0C3A33EE423A23EE033A56
:1063100033EE011A80ED001A92ED0D3A33EE423A57
:1063200023EE033A33EE011A80ED001A92ED0E3A95
:1063300033EE423A23EE033A33EE011A80ED001AAF
:1063400092ED0F3A33EE423A23EE033A33EE011A5E
:1063500080ED001A92ED103A33EE423A23EE033A02
:1063600033EE011A80ED001A92ED113A33EE423A03
:1063700023EE033A33EE011A80ED001A92ED123A41
:1063800033EE423A23EE033A33EE011A80ED001A5F
:1063900092ED133A33EE423A23EE033A33EE011A0A
:1063A00080ED001A7FF430AF4946B0EE482A00BFB6
:1063B0006218B2F8C03D283103EE103AB8EE433A05
:1063C00023EE093A23EE0A3A33EE403AB2F8C23DE0
:1063D00023EE033A33EE022A03EE103AB8EE433AC4
:1063E00023EE093A23EE0A3A33EE403AB2F8C43DBE
:1063F00023EE033A33EE022A03EE103AB8EE433AA4
:1064000023EE093A23EE0A3A33EE403AB2F8C63D9B
:1064100023EE033A33EE022A03EE103AB8EE433A83
:1064200023EE093A23EE0A3A33EE403AB2F8C83D79
:1064300023EE033A33EE022A03EE103AB8EE433A63
:1064400023EE093A23EE0A3A33EE403AB2F8CA3D57
:1064500023EE033A33EE022A03EE103AB8EE433A43
:1064600023EE093A23EE0A3A33EE403AB2F8CC3D35
:1064700023EE033A33EE022A03EE103AB8EE433A23
:1064800023EE093A23EE0A3A33EE403AB2F8CE3D13
:1064900023EE033A33EE022A03EE103AB8EE433A03
:1064A00023EE093A23EE0A3A33EE403AB2F8D03DF1
:1064B00023EE033A33EE022A03EE103AB8EE433AE3
:1064C00023EE093A23EE0A3A33EE403AB2F8D23DCF
:1064D00023EE033A33EE022A03EE103AB8EE433AC3
:1064E00023EE093A23EE0A3A33EE403AB2F8D43DAD
:1064F00023EE033A33EE022A03EE103AB8EE433AA3
:1065000023EE093A23EE0A3A33EE403AB2F8D63D8A
:1065100023EE033A33EE022A03EE103AB8EE433A82
:1065200023EE093A23EE0A3A33EE403AB2F8D83D68
:1065300023EE033A33EE022A03EE103AB8EE433A62
:1065400023EE093A23EE0A3A33EE403AB2F8DA3D46
:1065500023EE033A33EE022A03EE103AB8EE433A42
:1065600023EE093A23EE0A3A33EE403AB2F8DC3D24
:1065700023EE033A33EE022A03EE103AB8EE433A22
:1065800023EE093A23EE0A3A33EE403AB2F8DE3D02
:1065900023EE033A33EE022A03EE103AB8EE433A02
:1065A00023EE093A23EE0A3A33EE403AB2F8E03DE0
:1065B00023EE033A33EE022A03EE103AB8EE433AE2
:1065C00023EE093A23EE0A3A33EE403AB2F8E23DBE
:1065D00023EE033A33EE022A03EE103AB8EE433AC2
:1065E00023EE093A23EE0A3A33EE403AB2F8E43D9C
:1065F00023EE033A33EE022A03EE103AB8EE433AA2
:1066000023EE093A23EE0A3A33EE403AB2F8E62D89
:1066100023EE033A33EE022A03EE102AB8EE433A91
:1066200023EE093A23EE0A3A33EE403A23EE033AD8
:1066300033EE022A7FF4BCAE81EE0B0A82EE0C1A16
:106640009AED002A04F6C4514FF4C862B1EEC00AB4
:10665000B1EEC11A20EE020A81ED001A80ED000AA7
:1066600004F6EC509BED001A90ED002A049931EEEF
:10667000400A30EE421A98ED002A91ED003A04F6F5
:10668000D45122EE011A20EE032A91ED003A31EEA8
:10669000021A33EE011AB4EE4D1AF1EE10FAB8BF39
:1066A000B0EE4D1AB4EE4E1AF1EE10FAC8BFB0EECD
:1066B0004E1A81ED001A04F6E85180ED000A43F20B
:1066C000683081ED000AC2F200003146FBF788F81D
:1066D000FFF778BBD4F8D40D00F0DCFF48F23D178B
:1066E00005F11409C0F6000702460B464846394634
:1066F000F9F778FED4F8C00D00F0CCFF05F11C0AC4
:1067000002460B4650463946F9F76CFED4F8C40DE4
:1067100000F0C0FF05F1240802460B46404639460A
:10672000F9F760FED4F8D80D00F0B4FF024642F24B
:106730001060C2F200005D4600F12C0B0B4658467B
:106740003946F9F74FFE322000214A464FF6C0196C
:106750001023CFF6FF79FEF705F9322002215246C9
:10676000DDF804A01023FEF7FDF832200421424694
:10677000DDF800801023FEF7F5F8322006215A4696
:10678000AB4642F210651023C2F20005FEF7EAF8AC
:10679000A87902283FF43AABFFF752BB10B543F299
:1067A0003C54C2F2000420460021FCF7B9FF204609
:1067B0000021FCF7EFFA20460421FCF7B1FF204648
:1067C0000421FCF7E7FA20460821FCF7A9FF204640
:1067D0000821FCF7DFFA43F26444C2F200042046C9
:1067E0000021FCF79DFF20460021FCF7D3FA20464C
:1067F0000421FCF795FF20460421FCF7CBFA204644
:106800000821FCF78DFF20460821BDE81040FCF769
:10681000C1BA5FEA400C08BF91F0000F4FEA8C2329
:106820004FEAC12243EA51514FEA1C5018BF00F50C
:10683000F0404FEA300018BF41F000415FEA6C5C65
:1068400000F02980BCF1FF3F08BF40F08040704756
:10685000130C06BF12044FF0100C4FF0000C130E77
:1068600004BF12020CF1080C130F04BF12010CF14B
:10687000040C930F04BF92000CF1020CD30F04BF61
:1068800052000CF1010C11464FF00002A0F11F0064
:10689000A0EB0C00704711F0004F08BF704731F0BB
:1068A00000413FF4D5AF0B0C06BF09044FF0100CAC
:1068B0004FF0000C0B0E04BF09020CF1080C0B0F7B
:1068C00004BF09010CF1040C8B0F04BF89000CF10B
:1068D000020CCB0F04BF49000CF1010CCCF12003DA
:1068E00022FA03F341EA030102FA0CF2A0EB0C00D6
:1068F00000F101007047000023F07F4720F07F4C3B
:1069000080EA030000F00040ACEB070303F57C5382
:1069100003F1FF032DE9804909B44FEA144324EA47
:1069200003484FEA154B25EA0B4E0FF2042606EBFF
:1069300013273E7803FB0667C7F5000707FB06F63B
:106940004FEAD64606F102064FEA543707FB066CBB
:10695000CCF1005C4FEA1C472CEA074C0CFB06F517
:1069600007FB06F404EB15464FEA961649085FEA62
:10697000320234BF00204FF000404FEAD13706FB0F
:1069800007FC4FEA1C4C0CFB0BF7D21B03FB0CF76C
:1069900061EB07010CFB0EF7B0EB074072EB1742FF
:1069A0000CFB08F734BFA2EB0742B2EB074261EBE6
:1069B00017414FEA0C444FEA910706FB07FC4FEAE8
:1069C0001C4C0CFB0BF7B0EBC74072EB573203FBD0
:1069D0000CF734BFA2EBC742B2EBC74261EB5731B1
:1069E0000CFB0EF7B0EBC70072EB57720CFB08F70D
:1069F00034BFA2EBC702B2EBC70261EB57714FEA9B
:106A0000816141EA92114FEA826242EA90124FEAB2
:106A1000806004EBCC04039F4FEAD13706FB07FCF0
:106A20004FEA1C4C0CFB0BF7D21B03FB0CF761EB82
:106A300007010CFB0EF7B0EB074072EB17420CFBA3
:106A400008F734BFA2EB0742B2EB074261EB1741F4
:106A50004FEA8C5504EB9C244FEA910706FB07FC98
:106A60004FEA1C4C0CFB0BF7B0EBC74072EB5732F4
:106A700003FB0CF734BFA2EBC742B2EBC74261EB9A
:106A800057310CFB0EF7B0EBC70072EB57720CFBE3
:106A900008F734BFA2EBC702B2EBC70261EB577134
:106AA0004FEA816141EA92114FEA826242EA901212
:106AB0004FEA806015EB4C2544F100044FEAD137D2
:106AC00006FB07FC4FEA1C4C0CFB0BF7D21B03FB2D
:106AD0000CF761EB07010CFB0EF7B0EB074072EB14
:106AE00017420CFB08F734BFA2EB0742B2EB074298
:106AF00061EB17414FEA813141EA92414FEA82321C
:106B000042EA90424FEA80304FEA0C7615EB1C15B2
:106B100044F1000448EA03434EEA0B484FF0000EEC
:106B2000B2EB080C71EB030724BF624639464EEB0B
:106B30000E0E4FF0000B0018524149414BEB0B0B6E
:106B4000B2EB080C71EB03077BF1000B24BF62462C
:106B500039464EEB0E0E4FF0000B001852414941E2
:106B60004BEB0B0BB2EB080C71EB03077BF1000B4B
:106B700024BF624639464EEB0E0E51EA020718BF9B
:106B800046F0010616EB0E7655F1000254F10001B5
:106B900003D5BDE88901BDE80088BDE88901BDE8ED
:106BA0000048B619524141EB0101A3F101037047BE
:106BB00080807F7E7D7C7B7A79787776767574733A
:106BC000727171706F6E6E6D6C6C6B6A6A696868F9
:106BD000676666656464636362616160605F5F5E8F
:106BE0005E5D5D5C5C5B5B5A5A5959585857575605
:106BF000565555555454535352525251515050506A
:106C00004F4F4F4E4E4D4D4D4C4C4C4B4B4B4A4ABB
:106C10004A494949484848474747474646464545FF
:106C20004544444444434343434242424241414138
:106C30009C46002B30D477002BD04FEA37071CB589
:106C400003B44FF010004FF01001BAF1000F06D05E
:106C5000BCF1000FDCBF40F0080040F008014FF02D
:106C600000000FBCBDE810400BF1010BBBF1010FA0
:106C700008BF5FEA170722BF12F1010211F10101FB
:106C80004FF0004143F1000300F0004043EA0000F0
:106C90007047F9D35708D0E746EA06464FEA16464A
:106CA00013F1400F1FDD13F1200FDFBF16430A461B
:106CB000002120335B42BED0C3F1200746EA0646DE
:106CC0004FEA164602FA07F746EA070622FA03F2E7
:106CD000C3F1200701FA07F742EA070221FA03F19C
:106CE0004FF00003A7E746EA020646EA06464FEAE7
:106CF000164646EA0106BCBF46EA0646360C4FF089
:106D000000034FF000024FF0000194E72DE9804CA2
:106D100070B49A46934691E8380007C831EA400CAF
:106D200048BF34EA430C03D5FFF7E6FDFFF780FFC9
:106D3000F0BCBDE8008C2DE9804C70B49A469346B7
:106D400091E8380007C810F0804F08BF13F0804F5B
:106D500003D100F005F8FFF76BFFF0BCBDE8008C35
:106D600020F07F4723F07F4C80EA030000F00040D2
:106D700007EB0C03A3F57C53A3F1FE0392F0000F85
:106D800000F0B38095F0000F00F077802DE9014905
:106D90004FEA114021EA00484FEA144624EA064728
:106DA00000FB06FC08FB06F607FB08F818EB064894
:106DB0004CEB164C00FB07F718EB07484CEB174061
:106DC0004FEA124B22EA0B4E4FEA154625EA0647D8
:106DD0000BFB06FC0EFB06F607FB0EFE1EEB064E3B
:106DE0004CEB164C0BFB07F71EEB074E4CEB174B0F
:106DF00018EB0B0840F1000018EB0E0B58EB0008E5
:106E000040F100008F1A4FF000014FF000063CBF28
:106E1000C943661B14BFB5EB040C00213CBFC9433A
:106E2000F61B4FEA174427EA04454FEA1C472CEAB1
:106E3000074C04FB076205FB07F70CFB05F616EB96
:106E4000074642EB174204FB0CFC16EB0C4642EBE8
:106E50001C421BEB060658EB020241414EEA8E0E25
:106E600046EA9E0601D5BDE80189B619524141EBBB
:106E70000101A3F10103BDE801894FEA144524EAA9
:106E800005464FEA114721EA074C05FB07F406FBCC
:106E900007F70CFB06F111EB074144EB174405FB28
:106EA0000CFC11EB0C4144EB1C444FEA124722EA64
:106EB000074C05FB07F206FB07F70CFB06F616EB83
:106EC000074642EB174205FB0CFC16EB0C4642EB67
:106ED0001C456A1854F1000148BF7047B619524169
:106EE00041EB0101A3F10103704795F0000F37D08A
:106EF0004FEA114221EA02464FEA144724EA074CBE
:106F000002FB07F106FB07F70CFB06F414EB074442
:106F100041EB174102FB0CFC14EB0C4441EB1C4110
:106F20004FEA154725EA074C02FB07F506FB07F772
:106F30000CFB06F616EB074645EB174502FB0CFC6F
:106F400016EB0C4645EB1C42121951F1000148BFEB
:106F50007047B619524141EB0101A3F1010370479B
:106F60004FEA144524EA05464FEA114721EA074C47
:106F700005FB07F106FB07F70CFB06F212EB0742D5
:106F800041EB174105FB0CFC12EB0C4251EB1C4191
:106F90004FF0000648BF7047921841EB0101A3F182
:106FA0000103704703B401984100009850EAC120E2
:106FB00018BF04204A0D18BF40F0010040F2FF72D4
:106FC000B2EB515F08BF40F00200012808BF052066
:106FD00002B0704710B52DED028BB0EE408A18EE6E
:106FE000100A00F0DBFB01EE100A18EE100AB7EEF3
:106FF000000A78EE410A10F0004F4FF07F4010EE8B
:10700000901A12D0B1F13F4F24BF10EE901AB0EB9E
:10701000410F12D210EE901AB1F17C5F1CDD10EE20
:10702000901AB0EB410F17D314E0B1F13F4F07D9DD
:1070300010EE901AB0EB410F02D331EE401A0BE084
:1070400010EE901AB1F17C5F06DB10EE901AB0EBF7
:10705000410F01D331EE001A18EE100ABDEC028B7D
:1070600011EE101A61F31E0000EE100A10BD303848
:107070000A2801D2012070470020704710B500296E
:107080000AD00878002807D005487844F9F768FE48
:10709000002801D0002010BD0248784410BD000037
:1070A000DA100000D210000021F0004201F000438D
:1070B000A2F16052B2F5801F28BFD2F17F6C0BD9CC
:1070C0005FEA001C43EAC20242EB507018BF7047EF
:1070D00028BF20F001007047B2F5801FBCBF1846E2
:1070E00070474FEA410C1CF5001F02D2084600F021
:1070F0004FBB70B500F08CF900000089FFF7F6BFB8
:107100004FF00040A0F580007047000010B591EAF4
:10711000030F48BF83F0004300F1D681841A71EB5E
:10712000030C05D2121943EB0C03001B61EB0C019D
:107130004FEA1154A4EB135CDFF81CE11EEA430F85
:1071400018BF9EEA445F00F0748021EA045123EAEC
:107150000E0343F48013DCF1200E32D322FA0CFE2E
:1071600010EB0E0023FA0CFE41EB0E01CCF1200EC9
:1071700003FA0EFE10EB0E00CCF1200E51F10001CF
:10718000B1F5801F32D201EB045112FA0EF2BDE8C4
:10719000104058BF7047401C38BF5FEA420218BF1A
:1071A0007047002814BF20F0010041F100014FEAB0
:1071B000410313F5001F38BF7047A1F1C04100F033
:1071C00075B9012A43EB0302ACF1200CDCF11F0E70
:1071D00032BF4FF0000E23FA0CF310EB030041EB2B
:1071E0000451B4EB115FD0D0A1EB045101F5801133
:1071F000490801EB04515FEA30000ED350F1000062
:1072000038BF12FA0EFE08D1BDE81040C9E7401C95
:1072100038BF5FEA4202CAD1C3E7BDE810404FEA77
:10722000410313F5001F38BF7047A1F1C04100F0C2
:107230003DB99EEA445F08D011EA5E0FBDE81040F8
:1072400004BF01F0004100207047BDE8104070B558
:1072500000F0DEF864FBBE3E0000E0FF4FEA4103B1
:107260004FEA5353A3F58063D3F11E03C8BFD3F194
:10727000210C0CDD4FF0004242EAC12242EA50529A
:1072800032FA03FC8CEAE17CACEBE1707047102B26
:10729000C4BF0020704703F5787CBCF1FF3F04D0E9
:1072A0006FF0004282EA2100704770B500F0B0F83C
:1072B0004992248000207047F2E7000070B5DFF8A3
:1072C00048C11CEA111E1EBF1CEA13159EEA0C0FD2
:1072D00095EA0C0F00F06F8081EA03044EEAD47E39
:1072E000AE4421EA4C1123EA4C1341F4801143F4DB
:1072F0008013AEF17F7EA1FB024CA0FB0365361923
:1073000055EB0C05A1FB034C4CF10003A0FB021C48
:1073100016EB0C06654153F10003094218BF46F015
:10732000010613F4007F0BD14FEA03314FEA053019
:1073300041EA155140EA165034036FF003020AE0A7
:107340004FEAC3214FEAC52041EA555140EA565061
:10735000F4026FF0020202EB2E4201EB025585EAC5
:10736000CE710AD05FEA440C18BF24F0004450F1FB
:10737000000041F1000120EAD47040F2FE7C624539
:1073800000D270BDA84214BF4FF080444FF040447B
:10739000002E08BF0024BEF1806FA8BFA1F1C0413C
:1073A000BDE8704080F2828001F1C04101F00041EF
:1073B0004FF0000070470CEA13159EEA0C0F18BF3F
:1073C00095EA0C0F06D081EA030E4FF000000EF094
:1073D000004170BD00F01CF88900013E00F007B8C4
:1073E00000F009B84FEA430C5FEA5C5C08D081EA20
:1073F000030100F05BB84FEA410C5FEA5C5CF6D138
:1074000002494FF0000070470000FF070000F87FBE
:107410000EF1020E2EF0030E5EF8046B364205D418
:10742000012A43EB030515F5001F12D8012841EB93
:10743000010C1CF5001F0CD80ED14FEAD17C0CEBCF
:107440004C0C0CF1020C15F5001F08BF4CEBD37C63
:1074500004E04FF0080C01E04FEAD37C0CEB4C0544
:1074600026FA05F606F00706B6F1040C06D20EEB76
:10747000860CBDE870404CF0010C6047DFE80CF072
:10748000090B02024FF00041A1F500214FF000006E
:1074900070BD19461046012851EB010418BFD4F500
:1074A000001484BF002001F0004170BD0808A0F561
:1074B00000114FEA3101704710B591EA030F48BF40
:1074C00083F000433FF52AAE841A71EB030C07D218
:1074D0008CF0004C121943EB0C03001B61EB0C0108
:1074E0004FEA1154A4EB135CDFF8A4E11EEA430F4A
:1074F00018BF9EEA445F00F0B48021EA045123EAF9
:107500006E035242C3EB6E0338BF5B1EDCF1200EEC
:1075100025D322FA0CFE10EB0E0043FA0CFE41EBD1
:107520000E01CCF1200E03FA0EFE10EB0E00CCF192
:10753000200E51F1000129D401EB045112FA0EF290
:10754000BDE8104058BF7047401C1CBFB2F1004F4F
:10755000704700280CBF491C20F00100704712EB57
:10756000020E43EB030218BF4FF0010E4EEA420237
:10757000ACF1200CDCF11E0E56D943FA0CFE10EBD8
:107580000E00CCF11E0E51F1FF31D5D50EF1010EDA
:1075900012FA0EFE404141EB010101EB445C5FEA4F
:1075A0005C5C10D901EB045110EBDE7038BFBEF10A
:1075B000004FBDE8104018BF704700280CBF491CA1
:1075C00020F00100704734D24FEAD42C24F4006438
:1075D00011F500111BD0B1FA81F20B3AA41AA41EC6
:1075E000D2F12003914030FA03F31943904001EBAC
:1075F000CC7101EB0451002CBDE81040A8BF7047CE
:1076000001F1C04101F000414FF000007047B0FAB5
:1076100080F310FA03F102D1BDE810407047E41A7C
:10762000173C4805C90AE2E701EB0451BDE81040E8
:10763000704749104FEA300001EB0451BDE810409B
:1076400002E04FF0000170474A0008BF0042F8D046
:10765000B2F5001F28BF704701F000414FF0000055
:1076600070479EEA445F07D011EA5E0FBDE8104004
:1076700004BF002100207047BDE8104070B5FFF73F
:10768000C7FE00BF40DFF63E104683F00041704762
:107690000000E0FF43004FEAD30C4FEA3C0C4340AC
:1076A0001FBF40070CF1605113F0FE4F70471CF0F4
:1076B000006F03D10CF00041002070470CF0004334
:1076C00043EA507040EACC0010B500F00EF800BF5D
:1076D000000000924FEA0001FFF7E8BE4FF00041C2
:1076E000A1F500214FF0000070470EF1020E2EF0C0
:1076F000030E5EF8044B244204D44FEA4102B2F177
:107700007F4F11D84FEA4003B3F17F4F0CD80ED111
:107710004FEAD07C0CEB4C0C0CF1020CB2F17F4F19
:1077200008BF4CEBD17C04E04FF0080C01E04FEABD
:10773000D17C0CEB4C0324FA03F404F00704B4F1FD
:10774000040C06D20EEB840CBDE810404CF0010C8A
:107750006047DFE80CF0070802024FF00040A0F598
:10776000800010BD0846420018BFD2F1807288BF69
:1077700000F0004010BDF1EE100A4FF6FF71C0F2AC
:10778000C03120EA010040F04070E1EE100A70477D
:10779000FF2141EAD050C005704700005FEA400C6D
:1077A0005FEA1C6CBCF17F0314D4D3F1170240F3E1
:1077B0001C804FF0010C0CFA02FCACF101030340F9
:1077C00020EA0300B3EB5C0208BF10EA0C0F88BF8D
:1077D00060447047B3F1FF3F28BF5FEA002C00F020
:1077E000004088BF40F07E507047BCF1FF0FB8BF2B
:1077F000704710B5FFF779FF40DBB6BEF9F72DB83B
:1078000002400000000000A0000000000540000051
:10781000000000C8000000000C4000000000409C78
:1078200000000000194000000020BCBE0000000065
:1078300034400000BFC91B8E00000004B5400000AA
:10784000504BCFD06607E2CF010000006C41000032
:107850003E8251AADFEEA73401000000D9420000A9
:10786000DCB5A0E23A301F97FFFFFFFFB4450000F0
:10787000FD25A0C8E9A3C14FFFFFFFFFFF3F0000A8
:107880000000008000000000FF3F000000000080BA
:1078900000000000000000000000000001020304DE
:1078A00006070809000000000102030400000000B0
:1078B00000000000002F0000000007000700001477
:1078C0007F147F1400242A7F2A1200626408132385
:1078D00000364955225000000503000000001C221C
:1078E0004100000041221C000014083E081400085A
:1078F000083E0808000000A060000008080808080A
:10790000000060600000002010080402003E5149A1
:10791000453E0000427F400000426151494600213F
:1079200041454B31001814127F1000274545453959
:10793000003C4A49493000017109050300364949B4
:10794000493600064949291E00003636000000006D
:1079500056360000000814224100001414141414B8
:107960000000412214080002015109060032495961
:10797000513E007C1211127C007F49494936003E7D
:1079800041414122007F4141221C007F4949494138
:10799000007F09090901003E4149497A007F080832
:1079A000087F0000417F4100002040413F01007FEF
:1079B00008142241007F40404040007F020C027FBB
:1079C000007F0408107F003E4141413E007F0909CD
:1079D0000906003E4151215E007F091929460046F3
:1079E000494949310001017F0101003F4040403FCA
:1079F000001F2040201F003F4038403F0063140814
:107A000014630007087008070061514945430000EE
:107A10007F41410000552A552A55000041417F0011
:107A20000004020102040040404040400000010206
:107A30000400002054545478007F484444380038EF
:107A40004444442000384444487F00385454541877
:107A500000087E0901020018A4A4A47C007F080489
:107A600004780000447D4000004080847D00007F59
:107A7000102844000000417F4000007C0418047876
:107A8000007C0804047800384444443800FC242472
:107A900024180018242418FC007C0804040800485A
:107AA0005454542000043F444020003C4040207C7B
:107AB000001C2040201C003C4030403C004428106A
:107AC0002844001CA0A0A07C004464544C4414141E
:107AD0001414141400000000000000000000000056
:107AE00000000000000000F800000000000000336B
:107AF0003000000000100C06100C06000000000012
:107B00000000000040C07840C0784000043F0404FA
:107B10003F040400007088FC08300000001820FFBB
:107B2000211E0000F008F000E018000000211C03F6
:107B30001E211E0000F00888700000001E21232472
:107B40001927211010160E00000000000000000090
:107B500000000000000000E0180402000000000720
:107B60001820400000020418E00000000040201827
:107B700007000000404080F0804040000202010FFA
:107B800001020200000000F0000000000101011FDE
:107B900001010100000000000000000080B0700042
:107BA00000000000000000000000000000010101D2
:107BB0000101010100000000000000000030300061
:107BC000000000000000000080601804006018063B
:107BD0000100000000E010080810E000000F102075
:107BE00020100F00001010F8000000000020203FBF
:107BF0002020000000700808088870000030282449
:107C000022213000003008888848300000182020E9
:107C100020110E000000C02010F80000000704240E
:107C2000243F240000F80888880808000019212053
:107C300020110E0000E0108888180000000F1120AD
:107C400020110E0000380808C83808000000003F66
:107C5000000000000070880808887000001C2221C5
:107C600021221C0000E010080810E0000000312272
:107C700022110F00000000C0C00000000000003012
:107C80003000000000000080000000000000806064
:107C900000000000000080402010080000010204E5
:107CA00008102000404040404040400004040404CC
:107CB0000404040000081020408000000020100888
:107CC00004020100007048080808F00000000030BD
:107CD00036010000C030C828E810E000071827244B
:107CE00023140B000000C038E0000000203C2302F9
:107CF0000227382008F8888888700000203F20205C
:107D000020110E00C030080808083800071820208D
:107D10002010080008F808080810E000203F202084
:107D200020100F0008F88888E8081000203F202065
:107D30002320180008F88888E8081000203F200059
:107D400003000000C0300808083800000718202091
:107D5000221E020008F808000008F808203F210150
:107D600001213F20000808F8080800000020203FFB
:107D70002020000000000808F8080800C08080806B
:107D80007F00000008F888C028180800203F200164
:107D90002638200008F8080000000000203F2020BE
:107DA0002020300008F8F800F8F80800203F003FD5
:107DB000003F200008F830C00008F808203F2000ED
:107DC00007183F00E01008080810E0000F102020FE
:107DD00020100F0008F808080808F000203F2101D3
:107DE00001010000E01008080810E0000F1824242A
:107DF00038504F0008F8888888887000203F20009D
:107E0000030C302000708808080838000038202152
:107E100021221C00180808F8080818000000203F5C
:107E20002000000008F808000008F808001F2020C3
:107E300020201F000878880000C838080000073894
:107E40000E010000F80800F80008F800033C0700E5
:107E5000073C0300081868808068180820302C034D
:107E6000032C30200838C800C83808000000203F24
:107E70002000000010080808C83808002038262113
:107E800020201800000000FE020202000000007F17
:107E900040404000000C30C0000000000000000125
:107EA0000638C00000020202FE0000000040404010
:107EB0007F00000000000402020204000000000035
:107EC00000000000000000000000000080808080B2
:107ED000808080800002020400000000000000009A
:107EE0000000000000008080808000000019242233
:107EF00022223F2008F8008080000000003F11206F
:107F000020110E000000008080800000000E112073
:107F100020201100000000808088F800000E112051
:107F200020103F200000808080800000001F22225F
:107F300022221300008080F0888888180020203FCB
:107F4000202000000000808080808000006B9494DE
:107F50009493600008F8008080800000203F21009A
:107F600000203F2000809898000000000020203F63
:107F700020200000000000809898000000C0808051
:107F8000807F000008F8000080808000203F2402ED
:107F90002D302000000808F8000000000020203FDD
:107FA000202000008080808080808000203F200092
:107FB0003F20003F8080008080800000203F210023
:107FC00000203F200000808080800000001F2020D3
:107FD00020201F00808000808000000080FFA12002
:107FE00020110E000000008080808000000E112013
:107FF00020A0FF80808080008080800020203F21A2
:108000002000010000008080808080000033242454
:1080100024241900008080E0808000000000001F00
:10802000202000008080000000808000001F2020B1
:1080300020103F20808080000080808000010E3072
:108040000806010080800080008080800F300C03D3
:108050000C300F0000808000808080000020312ED6
:108060000E312000808080000080808080818E70B2
:108070001806010000808080808080000021302C64
:108080002221300000000000807C0202000000007D
:10809000003F404000000000FF0000000000000022
:1080A000FF0000000002027C800000000040403F12
:1080B00000000000000601010202040400000000AC
:1080C00000000000000610160006101620202020D8
:1080D0004D3A00000000000000000000565F524DC5
:1080E000533A0000495F524D533A000053494E5FE6
:1080F0004E203A0000000000000000006F6666732A
:1081000065743A00000000000000000020206B7041
:108110003A00000020206B693A000000565F54616D
:10812000723A000020206B763A0000002020663A68
:108130000000000020202000252E326600252E336E
:10814000660000008081000800000020B0250000CB
:10815000EC010008488F0008B025002038240000FA
:10816000540200081C00000043000000F8FFFFFF5D
:108170000C0000000E0000000F0000002E000000A8
:1081800010060100000010044027AE001040B0812E
:10819000FFA1A6A83FC8D300D580D805D9F1DA122F
:1081A000D8308D14AF000024F4003C2D2D002A009F
:1081B00001213012203412313812413C1252401247
:1081C000624412734812834C12935012A45412B496
:1081D0000412C40412D40412E50412F53C12057111
:1081E000121504122404123404124404125404120A
:1081F000630412730412820412910412A10412B0D7
:108200000412BF0412CD0412DC0412EB0412F94074
:108210001006080200001604122404123204124050
:1082200004124E04125B04126904127604128304D1
:10823000129004129D0412A90412B60412C2041270
:10824000CE0412DA0412E60412F20412FD4C1006F7
:10825000080300001304121E04122904123304122E
:108260003D04124704125104125B04126404126D9F
:1082700004127604127F04128704129004129804E8
:10828000129F0412A70412AE0412B60412BC041208
:10829000C30412CA0412D00412D60412DB0412E181
:1082A0000412E60412EB0412F00412F40412F904AE
:1082B00012FC80130004031104120704120A0412B2
:1082C0000D04120F041211041213041215041216D5
:1082D00004121704121804521904921A0C5218208E
:1082E000521630521340520F50520A6021682170CA
:1082F00052FC8052F49052EBA052E1B052D6C052E0
:10830000CAD052BCE052AEF0569F00569010567F35
:1083100020566D30565B40564750563360561E709F
:10832000257856FD8856E69856CEA856B6B8569D7E
:10833000C85683D85669E8564EF85A32082910298B
:10834000185AF9285ADC385ABF485AA1585A826834
:108350005A63785A44885A249829A05AF5B05AD4B6
:10836000C05AB4D05A93E05A73F05E5200035E31A3
:1083700010035E1020031006F0FFFFFFE00412CF91
:108380000412BF0412AE04129E04128D04127D0466
:10839000126D04125C04124C04123C04122C0412E0
:1083A0001B04120B381006FBFEFFFFEB0412DC046B
:1083B00012CC0412BC0412AC04129D04128D0412DF
:1083C0007E04126F04125F0412500412410412332F
:1083D000041224041215041207401006F8FDFFFFD2
:1083E000EA0412DC0412CE0412C00412B20412A574
:1083F00004129704128A04127D041270041263049A
:10840000125704124A04123E0412320412260412B5
:108410001A04120E0412034C1006F8FCFFFFED04C0
:1084200012E20412D70412CD0412C30412B90412CA
:10843000AF0412A504129C04129304128A04128140
:1084400004127904127004126804126104125904AF
:10845000125204124A04124404123D041236041249
:108460003004122A04122504121F04121A041215D1
:1084700004121004120C04120704120404120084E3
:108480001006FCFBFFFFF90412F60412F30412F1CC
:108490000412EF0412ED0412EB0412EA0412E904D0
:1084A00012E80452E70492E60C52E82052EA3052F5
:1084B000ED4052F15052F660216852007852078820
:1084C000521098521AA85225B85230C8523DD8526C
:1084D0004AE85259F8566808567918568A28569C20
:1084E0003856AF4856C35856D76825702578560376
:1084F00088561A985632A8564AB85663C8567DD838
:108500005697E856B2F85ACE08291029185A072863
:108510005A24385A41485A5F585A7E685A9D785AA8
:10852000BC885ADC9829A05A0BB05A2CC05A4CD09F
:108530005A6DE05A8DF05EAE00035ECF10032D1829
:10854000030DFF40060DFF40060DFF40060DFF40E6
:10855000060DFF40060DFF40060DFF40060DFF40D3
:10856000060DFF40060DFF40060DFF40060DFF40C3
:10857000060D7640061E052C035E0A48061E153CB5
:10858000035E1B50061E264C035E2B58061E365CEF
:10859000035E3C60061E476C035E4C68061E577CFB
:1085A000035E5D70061E688C035E6D78061E789C07
:1085B000035E7E80061E89AC035E8E88061E99BC13
:1085C000035E9E90061EA9CC035EAF98061EB9DC22
:1085D000035EBFA0061ECAEC035ECFA8061EDAFC2F
:1085E000035EDFB0061EEACC035EEF381312FA0416
:1085F0005EFFC0061E0A2C045E0FC8061E1A3C044D
:108600005E1FD0061E2A4C045E2FD8061E395C045D
:108610005E3FE0061E496C045E4EE8061E597C046F
:108620005E5EF0061E688C045E6EF8061E789C0482
:108630005E7D00071E87AC045E8C08071E96BC0496
:108640005E9B10071EA6CC045EAB18071EB5DC04AB
:108650005EBA20071EC4EC045EC828071ED2FC04C4
:108660005ED730071EE10C055EE638072EF0581184
:108670005DC0131EFEE8045E0330051E0D3C055E62
:108680001150071E1B4C055E1F58071E295C055E16
:108690002D60071E376C055E3B68071E457C055E36
:1086A0004970071E528C055E5778071E609C055E58
:1086B0006480071E6DAC055E7288071E7ABC055E7D
:1086C0007F90071E87CC055E8C98071E94DC055EA4
:1086D00099A0071EA1EC055EA5A8071EAEFC055ECD
:1086E000B2B0071EBA0C065EBEB8071EC61C065EF8
:1086F000CAC0071ED22C065ED6C8071EDE3C065E28
:10870000E2D0071EEA4C065EEED8072EF58C125D0D
:10871000E0071E016C065E0470061E0C7C065E0FF0
:10872000F0071E178C065E1AF8071E219C065E25B0
:1087300000081E2CAC065E3008081E36BC065E3AE9
:1087400010081E41CC065E4418081E4ADC065E4E28
:1087500020081E54EC065E5728081E5EFC065E616B
:1087600030081E670C075E6A38081E701C075E73AF
:1087700040081E792C075E7C48081E823C075E84F8
:1087800050081E8A4C075E8D58081E925C075E9545
:1087900060081E9A6C075E9D68081EA27C075EA595
:1087A00070081EAA8C075EAC78081EB19C075EB3E9
:1087B00080081EB8AC075EBA88081EBFBC075EC141
:1087C00090081EC5CC075EC798081ECCDC075ECE9D
:1087D000A0081ED2EC075ED4A8081ED8FC075EDAFB
:1087E000B0081EDD0C085EDFB8081EE31C085EE45E
:1087F000C0081EE82C085EE9C8081EED3C085EEEC5
:10880000D0081EF14C085EF3D8081EF65C085EF72F
:10881000E0081EFAE4085EFB681512FE045EFFF035
:10882000081E018C085E03F8081E059C085E060001
:10883000091E08AC085E0908091E0BBC085E0C1076
:10884000092D14095E0E18095E101C092D20095E01
:108850001224092D28095214049E1534096D380973
:108860009E174009DE18480901160402211A24A1A6
:1088700050A1689E160C1692159C61AC9212C452BF
:1088800010D8920EEC560C00560A105608205606C8
:10889000305604405E01501656FF6056FC7056FA82
:1088A0008056F79056F4A056F1B056EEC056EBD075
:1088B00056E8E056E4F05AE1005ADD105ADA205A40
:1088C000D6305AD2405ACE505ACA605AC5705AC190
:1088D000805ABC905AB8A05AB3B05AAEC05AAAD067
:1088E0005AA5E05A9FF05E9A00035E9510035E90D1
:1088F00020035E8A30035E8440035E7F50035E790E
:1089000060035E7370035E6D80035E6790035E615B
:10891000A0035E5BB0035E54C0035E4ED0035E47AF
:10892000E0035E41F0035E3A00045E3310045E2C07
:1089300020045E2530045E1E40045E1750045E0F66
:1089400060045E0870045E0160175EF990045EF2D8
:10895000A0045EEAB0045EE2C0045EDAD0045ED237
:10896000E0045ECAF0045EC200055EBA10055EB2A5
:1089700020055EA930055EA140055E9950055E9018
:1089800060055E8770055E7F80055E7690055E6D92
:10899000A0055E64B0055E5BC0055E52D0055E4911
:1089A000E0055E40F0055E3700065E2D10065E2491
:1089B00020065E1B30065E1140062D48062D50062F
:1089C0005EFE60065EF570065EEB80065EE1900678
:1089D0005ED7A0065ECDB0065EC4C0065EBAD00605
:1089E0005EB0E0065EA6F0065E9B00075E91100793
:1089F0005E8720075E7D30075E7340075E68500724
:108A00005E5E60075E5470075E4980075E3F9007B8
:108A10005E34A0075E2AB0075E1FC0075E15D00750
:108A20005E0A80185EFFF0075EF500085EEA100837
:108A30005EDF20085ED430085ECA40085EBF500882
:108A40005EB460085EA970085E9E80085E93900820
:108A50005E89A0085E7EB0085E73C0085E68D008BC
:108A60005E5DE0085E52F0085E4700095E3C10095A
:108A70005E3120095E2630095E1B40095E105009F8
:108A80005E0500191D43175FFFF6F01512EB045E3B
:108A9000E5800912DA045ED5900912CA045EC4A00A
:108AA0000912B9045EB4B00912A9045EA3C0091288
:108AB00098045E93D0091288045E82E0091277045C
:108AC0005E72F0091267045E62000A1257045E517A
:108AD000100A1247045E41200A1236045E31300A41
:108AE0001226045E21400A1216045E11F80C1206CA
:108AF000045E01801912F6045EF1700A12E6045E4B
:108B0000E1800A12D6045ED1900A12C7045EC1A0A9
:108B10000A12B7045EB2B00A12A7045EA2C00A121B
:108B200098045E92D00A1288045E83E00A127904E7
:108B30005E74F00A126A045E65000B125A045E55F8
:108B4000100B124B045E46200B123C045E38300BB7
:108B5000122E045E29400B121F045E1A500B2E10B9
:108B6000180B5D800D1E02A8175EFDF01712F404AD
:108B70005EEF800B12E5045EE1900B12D7045ED32A
:108B8000A00B12C9045EC5B00B12BB045EB7C00BCC
:108B900012AE045EA9D00B12A0045E9CE00B1293EF
:108BA000045E8EF00B1286045E81000C1279045E66
:108BB00074100C126C045E67200C125F045E5B3054
:108BC0000C1252045E4E400C1246045E42500C12CF
:108BD0003A045E36600C122E045E2A700C122204D7
:108BE0005E1E800C1216045E12900C2E0B4C0C5D57
:108BF000A01A2EFF1C1A5D301912F4045EF1C00C8D
:108C000012E9045EE6D00C12DF045EDBE00C12D445
:108C1000045ED0F00C12CA045EC6000D12BF045EE2
:108C2000BC100D12B6045EB2200D12AC045EA93069
:108C30000D12A2045E9F400D1299045E96500D1213
:108C400090045E8D600D1287045E84700D127E04A8
:108C50005E7C800D1276045E73900D126E045E6B66
:108C6000A00D1266045E63B00D125E045E5BC00D63
:108C70001256045E54D00D124F045E4DE00D1248A2
:108C8000045E46F00D1241045E3F000E123B045E8E
:108C900039100E1234045E32200E122E045E2C3077
:108CA0000E1228045E26400E1223045E21500E127E
:108CB0001D045E1C600E1218045E17700E12130461
:108CC0005E12800E120F045E0D900E120A045E09F1
:108CD000A00E1206045E05B00E1202045E01B01B67
:108CE0001EFF09045EFD501B12FB045EFAE00E122B
:108CF000F8045EF7F00E12F5045EF4000F21045E36
:108D0000F2100F5EF01C0F21045EEE2C0F210452B6
:108D1000EC049EEBF41B6DF81B9EE9001CDEE808DA
:108D20001C0116040221E624A150A1689EEACC0F82
:108D300092EB9C61AC92EEC45EF0E80F92F2EC56BE
:108D4000F40056F6105EF8001056FA3056FC405EFD
:108D5000FF10105601605604705E062010560990F0
:108D6000560CA05E0F30105612C05615D05E18403B
:108D700010561CF05A1F005E2350105A26205A2A03
:108D8000305E2E60105A32505A36605E3B70105A78
:108D90003F805A44905E4880105A4DB05A52C05E8F
:108DA0005690105A5BE05A61F05E66A0105E6B1040
:108DB000035E7020035E76B0105E7C40035E8150DF
:108DC000035E87C0105E8D70035E9380035E99D052
:108DD000105E9FA0035EA5B0035EACE0105EB2D053
:108DE000035EB9E0035EBFF0105EC600045ECD1006
:108DF000045ED400115EDB30045EE240045EE910E4
:108E0000115EF160045EF870045EFF20115E079051
:108E1000045E0EA0045E1630115E1EC0045E26D0F5
:108E2000045E2E40115E36F0045E3E00055E465044
:108E3000115E4E20055E5730055E5F60115E675023
:108E4000055E7060055E7970115E8180055E8A90B6
:108E5000055E9380115E9CB0055EA5C0055EAE9078
:108E6000115EB7E0055EC0F0055EC9A0115ED310CB
:108E7000065EDC20065EE5B0115EEF40062D48067A
:108E80002D50065E02E0135E0B70065E1580065ED6
:108E90001FD0115E29A0065E33B0065E3CE0115E75
:108EA00046D0065E50E0065E5AF0115E6500075E31
:108EB0006F10075E7900125E8330075E8D40075E9B
:108EC0009810125EA260075EAC70075EB720125E5B
:108ED000C190075ECCA0075ED630125EE1C0075E8F
:108EE000EBD0075EF640125E01F0075E0B00085EF5
:108EF0001650125E2120085E2C30085E3660125E2D
:108F00004150085E4C60085E5770125E6280085ED9
:108F10006D90085E7780125E82B0085E8DC0085E3C
:108F20009890125EA3E0085EAEF0085EB9A0125EF3
:108F3000C410095ECF20095EDAB0125EE540095E1A
:088F4000F050092D5809000052
:040000050800018965
:00000001FF
